,type,title,district,price,area,bedroom,bathroom,incense,link
0,Nhà riêng,Nhà bán Quận Gò Vấp - Hẻm an ninh - Xây dựng kiên cố - Nở hậu 3.31m,Q.Gò Vấp,"2,7 tỷ","29,3m²",2,2,T.Nam,https://propzy.vn/mua/nha-ban-quan-go-vap-hem-an-ninh-xay-dung-kien-co-no-hau-3-31m-id112529?src=location_xl_listing
1,Nhà riêng,Nhà mặt tiền quận Tân Bình đang cho thuê giá cao,Q.Tân Bình,28 tỷ,"140,8m²",3,3,Đông,https://propzy.vn/mua/nha-mat-tien-quan-tan-binh-dang-cho-thue-gia-cao-id111980?src=location_xl_listing
2,Nhà riêng,Bán Nhà Mặt Tiền Quận 11 - Gần Công Viên Đầm Sen - Thuận Tiện Kinh Doanh,Q.11,40 tỷ,"77,3m²",4,3,T.Nam,https://propzy.vn/mua/ban-nha-mat-tien-quan-11-gan-cong-vien-dam-sen-thuan-tien-kinh-doanh-id111812?src=location_xl_listing
3,Nhà riêng,Bán nhà riêng trung tâm quận 5 gần công viên Văn Lang liền kề khu dân cư đông đúc,Q.5,"5,5 tỷ","36,0m²",5,1,T.Bắc,https://propzy.vn/mua/ban-nha-rieng-trung-tam-quan-5-gan-cong-vien-van-lang-lien-ke-khu-dan-cu-dong-duc-id111641?src=location_xl_listing
4,Nhà riêng,"Chính chủ bán gấp nhà 1 trệt 1 lầu, hẻm xe hơi phường Hiệp Bình Phước, Quận Thủ Đức",Q.Thủ Đức,"4,1 tỷ","56,4m²",2,2,Đ.Bắc,https://propzy.vn/mua/chinh-chu-ban-gap-nha-1-tret-1-lau-hem-xe-hoi-phuong-hiep-binh-phuoc-quan-thu-duc-id110543?src=location_xl_listing
5,Nhà riêng,Bán nhà Quận Gò Vấp - Sổ hồng riêng chính chủ - Khu dân cư hiện hữu,Q.Gò Vấp,"2,3 tỷ","25,3m²",1,1,Đ.Nam,https://propzy.vn/mua/ban-nha-quan-go-vap-so-hong-rieng-chinh-chu-khu-dan-cu-hien-huu-id110501?src=location_xl_listing
6,Nhà riêng,Bán nhà Quận Gò Vấp thiết kế đơn giản - hẻm an ninh.,Q.Gò Vấp,"2,4 tỷ","26,2m²",1,1,Đ.Nam,https://propzy.vn/mua/ban-nha-quan-go-vap-thiet-ke-don-gian-hem-an-ninh-id110495?src=location_xl_listing
7,Nhà riêng,Bán nhà Quận Gò Vấp - Nhà xây kiên cố  - khu dân cư an ninh.,Q.Gò Vấp,"4,2 tỷ","46,9m²",3,3,T.Bắc,https://propzy.vn/mua/ban-nha-quan-go-vap-nha-xay-kien-co-khu-dan-cu-an-ninh-id110456?src=location_xl_listing
8,Nhà riêng,Nhà mặt tiền quận Tân Bình thích hợp kinh doanh,Q.Tân Bình,"27,5 tỷ","80,0m²",4,4,T.Nam,https://propzy.vn/mua/nha-mat-tien-quan-tan-binh-thich-hop-kinh-doanh-id110075?src=location_xl_listing
9,Nhà riêng,Nhà hẻm phường 7 Quận 8 - Sổ hồng riêng chính chủ,Q.8,"4,1 tỷ","53,3m²",3,1,Đ.Nam,https://propzy.vn/mua/nha-hem-phuong-7-quan-8-so-hong-rieng-chinh-chu-id109940?src=location_xl_listing
10,Nhà riêng,Nhà đẹp 4 phòng ngủ phường 7  Quận 8 - Mua vào ở ngay.,Q.8,"3,299 tỷ","47,2m²",4,3,T.Nam,https://propzy.vn/mua/nha-dep-4-phong-ngu-phuong-7-quan-8-mua-vao-o-ngay-id109901?src=location_xl_listing
11,Nhà riêng,Căn góc 2 mặt tiền phường 5 Quận 8 - Bán nhà thô,Q.8,"9,95 tỷ","56,9m²",4,5,T.Bắc,https://propzy.vn/mua/can-goc-2-mat-tien-phuong-5-quan-8-ban-nha-tho-id109871?src=location_xl_listing
12,Nhà riêng,Nhà mới thiết kế đẹp phường 9 quận 3.,Q.3,"6,5 tỷ","29,0m²",3,4,T.Nam,https://propzy.vn/mua/nha-moi-thiet-ke-dep-phuong-9-quan-3-id110003?src=location_xl_listing
13,Nhà riêng,Bán nhà riêng Quận 6,Q.6,"6,5 tỷ","67,0m²",3,2,Đ.Nam,https://propzy.vn/mua/ban-nha-rieng-quan-6-id109823?src=location_xl_listing
14,Nhà riêng,Bán nhà Quận Gò Vấp khu dân cư đông đúc - hẻm xe hơi 4m.,Q.Gò Vấp,"4,95 tỷ","56,8m²",2,2,T.Nam,https://propzy.vn/mua/ban-nha-quan-go-vap-khu-dan-cu-dong-duc-hem-xe-hoi-4m-id109790?src=location_xl_listing
15,Nhà riêng,Bán nhà riêng nhỏ xinh Quận 6  -  Gần chợ ,Q.6,"1,19 tỷ","10,1m²",1,1,Đông,https://propzy.vn/mua/ban-nha-rieng-nho-xinh-quan-6-gan-cho-id109616?src=location_xl_listing
16,Nhà riêng,Bán nhà cấp 4 mặt tiền Quận Tân Phú - Thuận tiện kinh doanh.,Q.Tân Phú,"7,5 tỷ","100,0m²",3,1,T.Nam,https://propzy.vn/mua/ban-nha-cap-4-mat-tien-quan-tan-phu-thuan-tien-kinh-doanh-id109217?src=location_xl_listing
17,Nhà riêng,Bán nhà Quận Gò Vấp - Hẻm an ninh - Ngay khu trung tâm - Gần Vòng xoay Gia Định,Q.Gò Vấp,4 tỷ,"64,9m²",1,1,T.Nam,https://propzy.vn/mua/ban-nha-quan-go-vap-hem-an-ninh-ngay-khu-trung-tam-gan-vong-xoay-gia-dinh-id106195?src=location_xl_listing
18,Nhà riêng,Chính chủ cần bán nhà xây dựng kiên cố 1 trệt 2 lầu huyện Hóc Môn - Mặt tiền đường nội bộ rộng 10m có vỉa hè,H.Hóc Môn,"4,8 tỷ","87,3m²",3,3,Bắc,https://propzy.vn/mua/chinh-chu-can-ban-nha-xay-dung-kien-co-1-tret-2-lau-huyen-hoc-mon-mat-tien-duong-noi-bo-rong-10m-co-via-he-id109457?src=location_xl_listing
19,Nhà riêng,Bán nhà riêng Quận 6 - Hẻm xe hơi - Nở hậu,Q.6,"6,7 tỷ","52,3m²",4,3,Đ.Nam,https://propzy.vn/mua/ban-nha-rieng-quan-6-hem-xe-hoi-no-hau-id109460?src=location_xl_listing
20,Nhà riêng,"Bán nhà nhỏ quận Tân Bình, khu an ninh",Q.Tân Bình,750 triệu,"9,0m²",1,1,Tây,https://propzy.vn/mua/ban-nha-nho-quan-tan-binh-khu-an-ninh-id109061?src=location_xl_listing
21,Nhà riêng,"Nhà bán Quận Tân Phú mặt tiền đường, khu dân cư sầm uất,",Q.Tân Phú,"12,5 tỷ","80,0m²",2,1,T.Nam,https://propzy.vn/mua/nha-ban-quan-tan-phu-mat-tien-duong-khu-dan-cu-sam-uat-id107954?src=location_xl_listing
22,Nhà riêng,Bán nhà riêng Quận 6 - Hẻm xe hơi - Nở hậu,Q.6,"7,6 tỷ","94,6m²",2,2,T.Bắc,https://propzy.vn/mua/ban-nha-rieng-quan-6-hem-xe-hoi-no-hau-id109019?src=location_xl_listing
23,Nhà riêng,Bán nhà Quận Gò Vấp - Hẻm ba gác - Khu an ninh - Nở hậu 4.14m,Q.Gò Vấp,"3,18 tỷ","46,8m²",2,1,Đông,https://propzy.vn/mua/ban-nha-quan-go-vap-hem-ba-gac-khu-an-ninh-no-hau-4-14m-id108593?src=location_xl_listing
24,Nhà riêng,"Bán nhà quận 4 - Nhà vuông vức, khu dân cư an ninh",Q.4,"4,2 tỷ","21,0m²",3,2,Đ.Nam,https://propzy.vn/mua/ban-nha-quan-4-nha-vuong-vuc-khu-dan-cu-an-ninh-id108704?src=location_xl_listing
25,Nhà riêng,Chính chủ bán nhà riêng huyện Hóc Môn- Hẻm bê tông rộng 5.5m,H.Hóc Môn,"7,2 tỷ","160,3m²",2,2,Bắc,https://propzy.vn/mua/chinh-chu-ban-nha-rieng-huyen-hoc-mon-hem-be-tong-rong-5-5m-id108218?src=location_xl_listing
26,Nhà riêng,Nhà mặt tiền Tân Bình thích hợp kinh doanh,Q.Tân Bình,"18,2 tỷ","91,9m²",2,2,Đ.Bắc,https://propzy.vn/mua/nha-mat-tien-tan-binh-thich-hop-kinh-doanh-id108146?src=location_xl_listing
27,Nhà riêng,Nhà bán hẻm nội bộ yên tĩnh quận Tân Phú xây dựng kiên cố,Q.Tân Phú,"4,5 tỷ","42,6m²",3,3,T.Nam,https://propzy.vn/mua/nha-ban-hem-noi-bo-yen-tinh-quan-tan-phu-xay-dung-kien-co-id107945?src=location_xl_listing
28,Nhà riêng,"Nhà bán Quận Gò Vấp - Hẻm an ninh, yên tĩnh, tiện xây mơi",Q.Gò Vấp,"3,3 tỷ","40,2m²",1,1,Đ.Bắc,https://propzy.vn/mua/nha-ban-quan-go-vap-hem-an-ninh-yen-tinh-tien-xay-moi-id107792?src=location_xl_listing
29,Nhà riêng,Căn góc 2 mặt tiền phường 5 Quận 8 - Sổ hồng riêng chính chủ,Q.8,13 tỷ,"59,9m²",4,4,Đ.Bắc,https://propzy.vn/mua/can-goc-2-mat-tien-phuong-5-quan-8-so-hong-rieng-chinh-chu-id107756?src=location_xl_listing
30,Nhà riêng,Nhà Quận 11 - Sổ hồng chính chủ -  Mặt tiền đường ,Q.11,15 tỷ,"74,4m²",2,2,T.Bắc,https://propzy.vn/mua/nha-quan-11-so-hong-chinh-chu-mat-tien-duong-id107369?src=location_xl_listing
31,Nhà riêng,Nhà hẻm quận Tân Bình an ninh yên tĩnh,Q.Tân Bình,"8,5 tỷ","81,2m²",1,1,Đ.Bắc,https://propzy.vn/mua/nha-hem-quan-tan-binh-an-ninh-yen-tinh-id107267?src=location_xl_listing
32,Nhà riêng,"Chính chủ bán nhà nát cấp 4 hẻm xe hơi, phường Hiệp Bình Chánh, Quận Thủ Đức",Q.Thủ Đức,3 tỷ,"33,9m²",2,1,Tây,https://propzy.vn/mua/chinh-chu-ban-nha-nat-cap-4-hem-xe-hoi-phuong-hiep-binh-chanh-quan-thu-duc-id106556?src=location_xl_listing
33,Nhà riêng,Nhà bán hẻm yên tĩnh quận Tân Phú nở hậu,Q.Tân Phú,"3,8 tỷ","40,5m²",2,2,Đ.Bắc,https://propzy.vn/mua/nha-ban-hem-yen-tinh-quan-tan-phu-no-hau-id106508?src=location_xl_listing
34,Nhà riêng,Nhà hẻm phường 9 Quận 8 - Gần cầu Chánh Hưng,Q.8,"3,6 tỷ","32,6m²",3,4,T.Nam,https://propzy.vn/mua/nha-hem-phuong-9-quan-8-gan-cau-chanh-hung-id106331?src=location_xl_listing
35,Nhà riêng,Nhà nở hậu gần bệnh viện Tân Phú,Q.Tân Bình,"3,3 tỷ","23,6m²",2,2,T.Nam,https://propzy.vn/mua/nha-no-hau-gan-benh-vien-tan-phu-id106169?src=location_xl_listing
36,Nhà riêng,"Bán Nhà hai mặt tiền Hẻm xe hơi 8m Đường Bùi Thanh Khiết Huyện Bình Chánh-Khu Dân Cư An Ninh-Gần trường Mầm Non,Cấp 1-Cấp2-Cấp3",H.Bình Chánh,"3,1 tỷ","51,3m²",2,2,T.Bắc,https://propzy.vn/mua/ban-nha-hai-mat-tien-hem-xe-hoi-8m-duong-bui-thanh-khiet-huyen-binh-chanh-khu-dan-cu-an-ninh-gan-truong-mam-non-cap-1-cap2-cap3-id106265?src=location_xl_listing
37,Nhà riêng,Nhà hẻm phường 5 Quận 8 - Đang cho thuê 7 triệu/tháng,Q.8,"2,85 tỷ","21,9m²",2,2,T.Nam,https://propzy.vn/mua/nha-hem-phuong-5-quan-8-dang-cho-thue-7-trieu-thang-id106221?src=location_xl_listing
38,Nhà riêng,Nhà hẻm phường 7 Quận 8 - Gần chợ Phú Lợi,Q.8,"2,95 tỷ","48,9m²",1,1,T.Nam,https://propzy.vn/mua/nha-hem-phuong-7-quan-8-gan-cho-phu-loi-id105725?src=location_xl_listing
39,Nhà riêng,Chính chủ cần bán nhà cấp 4 huyện Hóc Môn- Hẻm bê tông rộng 3m,H.Hóc Môn,"3,2 tỷ","85,1m²",1,1,Đ.Bắc,https://propzy.vn/mua/chinh-chu-can-ban-nha-cap-4-huyen-hoc-mon-hem-be-tong-rong-3m-id105980?src=location_xl_listing
40,Nhà riêng,Bán nhà liên kề Rosita Garden Khang Điền 6x23 phường Phú Hữu quận 9 thiết kế siêu đẹp,Q.9,"5,5 tỷ","132,0m²",0,0,T.Nam,https://propzy.vn/mua/ban-nha-lien-ke-rosita-garden-khang-dien-6x23-phuong-phu-huu-quan-9-thiet-ke-sieu-dep-id105806?src=location_xl_listing
41,Nhà riêng,"Bán nhà mới xây, 1 trệt, 2 lầu,  khu dân cư Điền Phúc Thành phường Long Trường, Quận 9 - Sổ hồng riêng",Q.9,"4,55 tỷ","100,0m²",4,4,Nam,https://propzy.vn/mua/ban-nha-moi-xay-1-tret-2-lau-khu-dan-cu-dien-phuc-thanh-phuong-long-truong-quan-9-so-hong-rieng-id105350?src=location_xl_listing
42,Nhà riêng,Bán nhà riêng huyện Hóc Môn- Hẻm bê tông rộng 2.5m,H.Hóc Môn,"2,4 tỷ","55,7m²",2,1,T.Nam,https://propzy.vn/mua/ban-nha-rieng-huyen-hoc-mon-hem-be-tong-rong-2-5m-id105377?src=location_xl_listing
43,Nhà riêng,"Bán nhà riêng Quận 10 - Sổ hồng chính chủ, giao dịch ngay",Q.10,9 tỷ,"54,2m²",4,2,T.Bắc,https://propzy.vn/mua/ban-nha-rieng-quan-10-so-hong-chinh-chu-giao-dich-ngay-id105260?src=location_xl_listing
44,Nhà riêng,"Bán nhà Quận Tân Phú mặt tiền đường đông đúc, xây dựng kiên cố",Q.Tân Phú,"15,5 tỷ","87,0m²",2,3,Tây,https://propzy.vn/mua/ban-nha-quan-tan-phu-mat-tien-duong-dong-duc-xay-dung-kien-co-id105140?src=location_xl_listing
45,Nhà riêng,Bán nhà Quận Gò Vấp - Hẻm xe hơi - Sân để xe rộng rãi - Nhà mới vào ở ngay,Q.Gò Vấp,"8,2 tỷ","119,6m²",4,4,Đ.Nam,https://propzy.vn/mua/ban-nha-quan-go-vap-hem-xe-hoi-san-de-xe-rong-rai-nha-moi-vao-o-ngay-id104861?src=location_xl_listing
46,Nhà riêng,"Bán nhà riêng hẻm nhựa 6m, thông thoáng, cách mặt tiền khoảng 50m Quận 12",Q.12,"2,7 tỷ","59,3m²",2,2,Đông,https://propzy.vn/mua/ban-nha-rieng-hem-nhua-6m-thong-thoang-cach-mat-tien-khoang-50m-quan-12-id104531?src=location_xl_listing
47,Nhà riêng,"Bán nhà riêng Quận 11 - Khu dân cư an ninh, yên tĩnh - Sổ hồng chính chủ",Q.11,"3,98 tỷ","33,6m²",3,3,Nam,https://propzy.vn/mua/ban-nha-rieng-quan-11-khu-dan-cu-an-ninh-yen-tinh-so-hong-chinh-chu-id104423?src=location_xl_listing
48,Nhà riêng,"Bán nhà cấp 4 hẻm ô tô Đường 359, Phường Phước Long B - Quận 9",Q.9,"4,4 tỷ","72,2m²",2,1,Đ.Nam,https://propzy.vn/mua/ban-nha-cap-4-hem-o-to-duong-359-phuong-phuoc-long-b-quan-9-id104135?src=location_xl_listing
49,Nhà riêng,Bán nhà Quận 11 - Sổ hồng chính chủ  - Nhà xây dựng kiên cố,Q.11,9 tỷ,"34,0m²",3,4,T.Nam,https://propzy.vn/mua/ban-nha-quan-11-so-hong-chinh-chu-nha-xay-dung-kien-co-id104222?src=location_xl_listing
50,Nhà riêng,"Chính chủ cần bán gấp nhà cấp 4, hẻm xe Tải phường Linh Đông, Quận Thủ Đức",Q.Thủ Đức,12 tỷ,"187,4m²",5,3,Tây,https://propzy.vn/mua/chinh-chu-can-ban-gap-nha-cap-4-hem-xe-tai-phuong-linh-dong-quan-thu-duc-id103991?src=location_xl_listing
51,Nhà riêng,Nhà hẻm xe ba gác phường 7 Quận 8 - Giá tốt chưa qua đầu tư,Q.8,"3,4 tỷ","53,4m²",4,4,Đ.Nam,https://propzy.vn/mua/nha-hem-xe-ba-gac-phuong-7-quan-8-gia-tot-chua-qua-dau-tu-id104225?src=location_xl_listing
52,Nhà riêng,Bán nhà hẻm Quận 4 - Gần Chợ 200 Xóm Chiếu,Q.4,"4,75 tỷ","47,7m²",1,1,Đ.Nam,https://propzy.vn/mua/ban-nha-hem-quan-4-gan-cho-200-xom-chieu-id103892?src=location_xl_listing
53,Nhà riêng,Nhà nở hậu mặt tiền đường đang cho thuê giá cao,Q.Tân Bình,45 tỷ,"97,9m²",6,4,T.Nam,https://propzy.vn/mua/nha-no-hau-mat-tien-duong-dang-cho-thue-gia-cao-id103898?src=location_xl_listing
54,Nhà riêng,Nhà hẻm xe hơi Tân Bình,Q.Tân Bình,"4,85 tỷ","51,2m²",3,4,T.Nam,https://propzy.vn/mua/nha-hem-xe-hoi-tan-binh-id103820?src=location_xl_listing
55,Nhà riêng,Bán nhà Hẻm thông thoáng Ngay trung Tâm Thị Trấn Huyện Nhà Bè-Hẻm thông-Gần Ngân Hàng-Sổ Hồng chính chủ,H.Nhà Bè,"3,95 tỷ","121,1m²",2,2,Đông,https://propzy.vn/mua/ban-nha-hem-thong-thoang-ngay-trung-tam-thi-tran-huyen-nha-be-hem-thong-gan-ngan-hang-so-hong-chinh-chu-id103655?src=location_xl_listing
56,Nhà riêng,"Bán nhà đường số quận 4 - Nhà đẹp, khu dân cư hiện hữu",Q.4,"8,85 tỷ","31,9m²",4,4,Đ.Nam,https://propzy.vn/mua/ban-nha-duong-so-quan-4-nha-dep-khu-dan-cu-hien-huu-id103781?src=location_xl_listing
57,Nhà riêng,"Bán gấp nhà 1 trệt, 1 lửng, 1 lầu đường Hồ Văn Tư, phường Trường Thọ, Quận Thủ Đức",Q.Thủ Đức,"3,9 tỷ","47,2m²",3,3,Đ.Bắc,https://propzy.vn/mua/ban-gap-nha-1-tret-1-lung-1-lau-duong-ho-van-tu-phuong-truong-tho-quan-thu-duc-id103454?src=location_xl_listing
58,Nhà riêng,"Chính chủ bán nhà 2 mặt tiền đường Khu Cư Xá Điện Lực, phường Trường Thọ, Quận Thủ Đức",Q.Thủ Đức,"9,35 tỷ","132,8m²",6,5,T.Nam,https://propzy.vn/mua/chinh-chu-ban-nha-2-mat-tien-duong-khu-cu-xa-dien-luc-phuong-truong-tho-quan-thu-duc-id103442?src=location_xl_listing
59,Nhà riêng,"Chính chủ bán nhà cấp 4, hẻm xe ba gác phường Linh Chiểu, Quận Thủ Đức",Q.Thủ Đức,"2,35 tỷ","43,3m²",2,1,Đ.Nam,https://propzy.vn/mua/chinh-chu-ban-nha-cap-4-hem-xe-ba-gac-phuong-linh-chieu-quan-thu-duc-id103310?src=location_xl_listing
60,Nhà riêng,"Bán nhà Quận 10 - Sổ hồng chính chủ - Khu dân cư an ninh, yên tĩnh",Q.10,"4,3 tỷ","32,1m²",2,2,Đ.Nam,https://propzy.vn/mua/ban-nha-quan-10-so-hong-chinh-chu-khu-dan-cu-an-ninh-yen-tinh-id103508?src=location_xl_listing
61,Nhà riêng,Nhà  đẹp phường 1 Quận 8 - Đang kinh doanh căn hộ dịch vụ,Q.8,"10,8 tỷ","90,0m²",11,11,T.Nam,https://propzy.vn/mua/nha-dep-phuong-1-quan-8-dang-kinh-doanh-can-ho-dich-vu-id103493?src=location_xl_listing
62,Nhà riêng,"Nhà hẻm xe ô tô, thiết kế đẹp, hướng Đông",Q.Phú Nhuận,"5,7 tỷ","35,8m²",7,5,Đông,https://propzy.vn/mua/nha-hem-xe-o-to-thiet-ke-dep-huong-dong-id103289?src=location_xl_listing
63,Nhà riêng,Nhà Khu Xóm Đạo  gần nhà thờ Bình An phường 7 Quận 8,Q.8,"2,5 tỷ","22,3m²",3,3,T.Nam,https://propzy.vn/mua/nha-khu-xom-dao-gan-nha-tho-binh-an-phuong-7-quan-8-id103130?src=location_xl_listing
64,Nhà riêng,"Bán nhà hẻm quận 4 - Nhà trống, khu dân cư hiện hữu, gần trường TH Đoàn Thị Điểm",Q.4,"2,95 tỷ","26,5m²",1,2,T.Bắc,https://propzy.vn/mua/ban-nha-hem-quan-4-nha-trong-khu-dan-cu-hien-huu-gan-truong-th-doan-thi-diem-id103001?src=location_xl_listing
65,Nhà riêng,"Nhà bán Quận Gò Vấp, - Thuận tiện di chuyển, khu dân cư an ninh.",Q.Gò Vấp,"2,6 tỷ","50,2m²",1,1,Đ.Nam,https://propzy.vn/mua/nha-ban-quan-go-vap-thuan-tien-di-chuyen-khu-dan-cu-an-ninh-id102794?src=location_xl_listing
66,Nhà riêng,"Bán nhà Quận 10 - Sổ hồng chính chủ - Nhà xây kiên cố, vào ở ngay",Q.10,"6,5 tỷ","54,3m²",1,1,Đ.Nam,https://propzy.vn/mua/ban-nha-quan-10-so-hong-chinh-chu-nha-xay-kien-co-vao-o-ngay-id102737?src=location_xl_listing
67,Nhà riêng,Bán nhà riêng Quận 5 - Gần chợ và  trường học,Q.5,"7,5 tỷ","22,4m²",3,3,Đông,https://propzy.vn/mua/ban-nha-rieng-quan-5-gan-cho-va-truong-hoc-id102701?src=location_xl_listing
68,Nhà riêng,Bán nhà Quận Tân Phú - Khu dân cư an ninh.,Q.Tân Phú,"2,6 tỷ","21,7m²",2,1,Nam,https://propzy.vn/mua/ban-nha-quan-tan-phu-khu-dan-cu-an-ninh-id102452?src=location_xl_listing
69,Nhà riêng,Nhà nở hậu hẻm xe tải xây dựng kiên cố,Q.Tân Bình,"8,7 tỷ","94,4m²",4,5,Đ.Bắc,https://propzy.vn/mua/nha-no-hau-hem-xe-tai-xay-dung-kien-co-id102479?src=location_xl_listing
70,Nhà riêng,"Nhà 1 trệt, 1 lửng, hẻm an ninh P. Bình Hưng Hòa A, Bình Tân - Gần Chợ Bình Long",Q.Bình Tân,"2,7 tỷ","35,8m²",2,1,Đông,https://propzy.vn/mua/nha-1-tret-1-lung-hem-an-ninh-p-binh-hung-hoa-a-binh-tan-gan-cho-binh-long-id102428?src=location_xl_listing
71,Nhà riêng,"Nhà Phú Nhuận hẻm xe ba gác, hướng Tây",Q.Phú Nhuận,"3,5 tỷ","18,9m²",2,2,Tây,https://propzy.vn/mua/nha-phu-nhuan-hem-xe-ba-gac-huong-tay-id102140?src=location_xl_listing
72,Nhà riêng,"Nhà nhỏ xinh sổ hồng riêng, nội thất đẹp phường 12 quận 3.",Q.3,"1,55 tỷ","6,4m²",2,1,Nam,https://propzy.vn/mua/nha-nho-xinh-so-hong-rieng-noi-that-dep-phuong-12-quan-3-id102128?src=location_xl_listing
73,Nhà riêng,"Chính chủ bán gấp nhà cấp 4 hẻm xe máy, đường số 12, phường Tam Bình, Quận Thủ Đức",Q.Thủ Đức,"2,65 tỷ","40,9m²",1,1,Đ.Nam,https://propzy.vn/mua/chinh-chu-ban-gap-nha-cap-4-hem-xe-may-duong-so-12-phuong-tam-binh-quan-thu-duc-id101990?src=location_xl_listing
74,Nhà riêng,Bán khu Chợ Vải quận Tân Phú hẻm xe hơi - Thuận tiện kinh doanh.,Q.Tân Phú,"6,7 tỷ","53,5m²",2,2,Đông,https://propzy.vn/mua/ban-khu-cho-vai-quan-tan-phu-hem-xe-hoi-thuan-tien-kinh-doanh-id101516?src=location_xl_listing
75,Nhà riêng,Bán nhà riêng huyện Hóc Môn- Hẻm xe ba gác rộng 3m,H.Hóc Môn,"2,1 tỷ","44,3m²",2,1,Đ.Nam,https://propzy.vn/mua/ban-nha-rieng-huyen-hoc-mon-hem-xe-ba-gac-rong-3m-id101522?src=location_xl_listing
76,Nhà riêng,"Nhà nở hậu, hẻm xe ba gác, hướng Tây",Q.Phú Nhuận,"5,8 tỷ","38,6m²",4,3,Tây,https://propzy.vn/mua/nha-no-hau-hem-xe-ba-gac-huong-tay-id100149?src=location_xl_listing
77,Nhà riêng,"Bán gấp nhà hẻm phường Phước Long A, Quận 9 - Sổ hồng riêng chính chủ",Q.9,3 tỷ,"50,0m²",2,1,T.Bắc,https://propzy.vn/mua/ban-gap-nha-hem-phuong-phuoc-long-a-quan-9-so-hong-rieng-chinh-chu-id101153?src=location_xl_listing
78,Nhà riêng,Bán Nhà Mặt tiền Đường Dương cát lợi Ngay Thị Trấn nhà Bè Chợ Phú Xuân Huyện Nhà Bè-Liền kề Quận 7,H.Nhà Bè,"6,6 tỷ","127,5m²",1,1,Bắc,https://propzy.vn/mua/ban-nha-mat-tien-duong-duong-cat-loi-ngay-thi-tran-nha-be-cho-phu-xuan-huyen-nha-be-lien-ke-quan-7-id100916?src=location_xl_listing
79,Nhà riêng,"Bán nhà  hẻm xe hơi  đường Xô Viết Nghệ Tỉnh, quận Bình thạnh, thích hợp để ở",Q.Bình Thạnh,"9,8 tỷ","94,8m²",3,3,Đ.Bắc,https://propzy.vn/mua/ban-nha-hem-xe-hoi-duong-xo-viet-nghe-tinh-quan-binh-thanh-thich-hop-de-o-id100856?src=location_xl_listing
80,Nhà riêng,"Bán nhà mặt tiền đường quận Tân Phú, xây dựng kiên cố, có sân vườn, thiết kế hiện đại",Q.Tân Phú,"7,8 tỷ","74,9m²",4,3,T.Nam,https://propzy.vn/mua/ban-nha-mat-tien-duong-quan-tan-phu-xay-dung-kien-co-co-san-vuon-thiet-ke-hien-dai-id100454?src=location_xl_listing
81,Nhà riêng,Bán nhà riêng Quận Tân Phú - hẻm xe tải thông thoáng.,Q.Tân Phú,"8,3 tỷ","52,5m²",6,6,Đông,https://propzy.vn/mua/ban-nha-rieng-quan-tan-phu-hem-xe-tai-thong-thoang-id100181?src=location_xl_listing
82,Nhà riêng,"Bán nhà mặt tiền đường khu Tên Lửa, View công viên, nội thất sang trọng",Q.Bình Tân,"13,5 tỷ","90,0m²",4,5,Bắc,https://propzy.vn/mua/ban-nha-mat-tien-duong-khu-ten-lua-view-cong-vien-noi-that-sang-trong-id100244?src=location_xl_listing
83,Nhà riêng,"Nhà bán Quận Gò Vấp, - Nhà xây kiên cố - khu dân cư an ninh yên tĩnh,",Q.Gò Vấp,"6,3 tỷ","59,1m²",4,5,Đ.Bắc,https://propzy.vn/mua/nha-ban-quan-go-vap-nha-xay-kien-co-khu-dan-cu-an-ninh-yen-tinh-id100217?src=location_xl_listing
84,Nhà riêng,"Bán nhà 2 mặt tiền Quận Tân Phú - Khu dân cư an ninh, yên tĩnh.",Q.Tân Phú,"2,4 tỷ","13,6m²",2,1,Đ.Bắc,https://propzy.vn/mua/ban-nha-2-mat-tien-quan-tan-phu-khu-dan-cu-an-ninh-yen-tinh-id99923?src=location_xl_listing
85,Nhà riêng,"Nhà hẻm xe ô tô, yên tĩnh, hướng Đông Nam",Q.Tân Bình,7 tỷ,"67,9m²",3,2,Đ.Nam,https://propzy.vn/mua/nha-hem-xe-o-to-yen-tinh-huong-dong-nam-id99794?src=location_xl_listing
86,Nhà riêng,Bán nhà hẻm xe ba gác - Quận Tân Phú xây dựng chắc chắn kiên cố.,Q.Tân Phú,"2,85 tỷ","25,4m²",2,1,Đ.Bắc,https://propzy.vn/mua/ban-nha-hem-xe-ba-gac-quan-tan-phu-xay-dung-chac-chan-kien-co-id99326?src=location_xl_listing
87,Nhà riêng,"Bán nhà hẻm quận 4 - Nhà mới xây, dân cư hiện hữu",Q.4,"2,7 tỷ","22,8m²",4,4,Đ.Bắc,https://propzy.vn/mua/ban-nha-hem-quan-4-nha-moi-xay-dan-cu-hien-huu-id99146?src=location_xl_listing
88,Nhà riêng,"Bán nhà phường An Phú, quận 2. Căn góc 2 mặt đường rộng. Phù hợp kinh doanh, đầu tư sinh lời.",Q.2,"17,5 tỷ","124,0m²",4,1,Đ.Bắc,https://propzy.vn/mua/ban-nha-phuong-an-phu-quan-2-can-goc-2-mat-duong-rong-phu-hop-kinh-doanh-dau-tu-sinh-loi-id98117?src=location_xl_listing
89,Nhà riêng,Nhà hẻm xe hơi quận 1 thuận tiện kinh doanh,Q.1,8 tỷ,"32,0m²",6,4,Đ.Nam,https://propzy.vn/mua/nha-hem-xe-hoi-quan-1-thuan-tien-kinh-doanh-id98036?src=location_xl_listing
90,Nhà riêng,"Bán nhà mặt tiền Quận Tân Phú - Khu dân cư an ninh, yên tĩnh.",Q.Tân Phú,16 tỷ,"129,0m²",3,1,Nam,https://propzy.vn/mua/ban-nha-mat-tien-quan-tan-phu-khu-dan-cu-an-ninh-yen-tinh-id97547?src=location_xl_listing
91,Nhà riêng,BÁN NHÀ QUẬN 10 ĐÚC THẬT KIÊN CỐ - GẦN HÀ ĐÔ CENTROSA,Q.10,7 tỷ,"30,0m²",4,4,Đ.Bắc,https://propzy.vn/mua/ban-nha-quan-10-duc-that-kien-co-gan-ha-do-centrosa-id97448?src=location_xl_listing
92,Nhà riêng,Bán nhà Quận Gò Vấp - Mặt tiền đường đông đúc - Đối diện trường học,Q.Gò Vấp,"5,9 tỷ","63,3m²",3,3,T.Bắc,https://propzy.vn/mua/ban-nha-quan-go-vap-mat-tien-duong-dong-duc-doi-dien-truong-hoc-id97427?src=location_xl_listing
93,Nhà riêng,Nhà  đẹp hẻm xe ba gác phường 14 Quận 8 - Gần chợ Bình Đông,Q.8,"4,5 tỷ","50,8m²",4,3,T.Bắc,https://propzy.vn/mua/nha-dep-hem-xe-ba-gac-phuong-14-quan-8-gan-cho-binh-dong-id97430?src=location_xl_listing
94,Nhà riêng,"Bán nhà Quận 4 - Khu dân cư an ninh, sầm uất",Q.4,"8,65 tỷ","39,5m²",5,3,Đông,https://propzy.vn/mua/ban-nha-quan-4-khu-dan-cu-an-ninh-sam-uat-id97358?src=location_xl_listing
95,Nhà riêng,"Bán nhà cấp 4, mặt tiền đường 12m, phường Phước Long B - Quận 9.",Q.9,"11,6 tỷ","144,8m²",3,1,Nam,https://propzy.vn/mua/ban-nha-cap-4-mat-tien-duong-12m-phuong-phuoc-long-b-quan-9-id95930?src=location_xl_listing
96,Nhà riêng,"Bán nhà Quận Tân Phú - Khu dân cư an ninh, yên tĩnh.",Q.Tân Phú,"2,4 tỷ","35,3m²",2,2,T.Nam,https://propzy.vn/mua/ban-nha-quan-tan-phu-khu-dan-cu-an-ninh-yen-tinh-id95402?src=location_xl_listing
97,Nhà riêng,Bán nhà nát diện tích rộng có giấy phép xây dựng mới tại Quận 6,Q.6,"4,5 tỷ","66,8m²",0,0,T.Bắc,https://propzy.vn/mua/ban-nha-nat-dien-tich-rong-co-giay-phep-xay-dung-moi-tai-quan-6-id95654?src=location_xl_listing
98,Nhà riêng,"Bán dãy trọ 6 phòng 111.3m2 thu nhập 10tr/tháng, phường Phú Hữu - Quận 9.",Q.9,"4,4 tỷ","111,3m²",6,6,T.Nam,https://propzy.vn/mua/ban-day-tro-6-phong-111-3m2-thu-nhap-10tr-thang-phuong-phu-huu-quan-9-id95318?src=location_xl_listing
99,Nhà riêng,Bán nhà thiết kế đẹp - HXH  tại Quận 6 giáp Quận 5,Q.6,"3,62 tỷ","37,9m²",2,2,T.Bắc,https://propzy.vn/mua/ban-nha-thiet-ke-dep-hxh-tai-quan-6-giap-quan-5-id95423?src=location_xl_listing
100,Nhà riêng,Bán nhà riêng và đất trống huyện Hóc Môn- Mặt tiền đường rộng 15m,H.Hóc Môn,"15,5 tỷ","387,2m²",0,3,Đ.Nam,https://propzy.vn/mua/ban-nha-rieng-va-dat-trong-huyen-hoc-mon-mat-tien-duong-rong-15m-id95195?src=location_xl_listing
101,Nhà riêng,Bán nhà Hẻm Xe Hơi 5.5m Ngay trung Tâm Thị Trấn Huyện Nhà Bè-Hẻm thông-Gần Ngân Hàng-Sổ Hồng chính chủ,H.Nhà Bè,"5,45 tỷ","99,5m²",4,4,Đ.Nam,https://propzy.vn/mua/ban-nha-hem-xe-hoi-5-5m-ngay-trung-tam-thi-tran-huyen-nha-be-hem-thong-gan-ngan-hang-so-hong-chinh-chu-id95162?src=location_xl_listing
102,Nhà riêng,Bán nhà Hẻm Xe Hơi 6m Ngay trung Tâm Thị Trấn Huyện Nhà Bè-Hẻm thông-Gần Ngân Hàng-Sổ Hồng chính chủ,H.Nhà Bè,"5,85 tỷ","129,4m²",4,5,Đ.Nam,https://propzy.vn/mua/ban-nha-hem-xe-hoi-6m-ngay-trung-tam-thi-tran-huyen-nha-be-hem-thong-gan-ngan-hang-so-hong-chinh-chu-id95159?src=location_xl_listing
103,Nhà riêng,"Bán nhà Hẻm Xe Hơi 6m Đường Huỳnh Tấn phát Huyện Nhà Bè nhà rộng thông thoáng,Gần Khu Dân Cư Sài Gòn Mới",H.Nhà Bè,"4,5 tỷ","56,7m²",4,3,Đ.Bắc,https://propzy.vn/mua/ban-nha-hem-xe-hoi-6m-duong-huynh-tan-phat-huyen-nha-be-nha-rong-thong-thoang-gan-khu-dan-cu-sai-gon-moi-id95017?src=location_xl_listing
104,Nhà riêng,Bán nhà Quận Tân Phú - Khu dân cư an ninh.,Q.Tân Phú,"4,2 tỷ","31,0m²",2,4,T.Bắc,https://propzy.vn/mua/ban-nha-quan-tan-phu-khu-dan-cu-an-ninh-id94759?src=location_xl_listing
105,Nhà riêng,"Bán nhà mặt tiền đường nội bộ P. Bình Hưng Hòa A, quận Bình Tân - Gần Lô Tư, Mã Lò",Q.Bình Tân,"3,3 tỷ","50,9m²",1,1,Đ.Nam,https://propzy.vn/mua/ban-nha-mat-tien-duong-noi-bo-p-binh-hung-hoa-a-quan-binh-tan-gan-lo-tu-ma-lo-id94867?src=location_xl_listing
106,Nhà riêng,Bán nhà riêng huyện Hóc Môn- Mặt tiền đường nội bộ rộng 7m có vỉa hè,H.Hóc Môn,"3,81 tỷ","80,3m²",4,3,T.Nam,https://propzy.vn/mua/ban-nha-rieng-huyen-hoc-mon-mat-tien-duong-noi-bo-rong-7m-co-via-he-id94642?src=location_xl_listing
107,Nhà riêng,"Bán nhà Quận Tân Phú - khu dân cư an ninh, yên tĩnh.",Q.Tân Phú,"5,2 tỷ","68,0m²",2,2,T.Bắc,https://propzy.vn/mua/ban-nha-quan-tan-phu-khu-dan-cu-an-ninh-yen-tinh-id94438?src=location_xl_listing
108,Chung cư/ Căn hộ,"Bán căn hộ chung cư 2 phòng ngủ, tầng cao Tòa nhà Vạn Đô quận 4",Q.4,"3,4 tỷ","77,5m²",2,2,--,https://propzy.vn/mua/ban-can-ho-chung-cu-2-phong-ngu-tang-cao-toa-nha-van-do-quan-4-id109886?src=location_xl_listing
109,Chung cư/ Căn hộ,"Bán căn hộ kiểu office tầng thấp Galaxy 9 - Thích hợp thuê làm văn phòng, phòng trưng bày, văn phòng đại diện",Q.4,"1,9 tỷ","24,4m²",1,0,--,https://propzy.vn/mua/ban-can-ho-kieu-office-tang-thap-galaxy-9-thich-hop-thue-lam-van-phong-phong-trung-bay-van-phong-dai-dien-id109844?src=location_xl_listing
110,Chung cư/ Căn hộ,"Chính chủ bán căn hộ TDH Riverview phường Bình Chiểu, Quận Thủ Đức",Q.Thủ Đức,"1,5 tỷ","62,4m²",2,2,Đ.Nam,https://propzy.vn/mua/chinh-chu-ban-can-ho-tdh-riverview-phuong-binh-chieu-quan-thu-duc-id108497?src=location_xl_listing
111,Chung cư/ Căn hộ,Bán Căn Hộ Chung Cư Kiến Thành - Quận 6,Q.6,"2,05 tỷ","74,7m²",2,2,Nam,https://propzy.vn/mua/ban-can-ho-chung-cu-kien-thanh-quan-6-id108377?src=location_xl_listing
112,Chung cư/ Căn hộ,Bán căn hộ chung cư 830 Sư Vạn Hạnh - Sổ hồng chính chủ,Q.10,"3,35 tỷ","57,4m²",3,1,--,https://propzy.vn/mua/ban-can-ho-chung-cu-830-su-van-hanh-so-hong-chinh-chu-id106445?src=location_xl_listing
113,Chung cư/ Căn hộ,"Bán căn hộ 1+1 phòng ngủ, chung cư Vinhomes Grank Park - Quận 9.",Q.9,"1,6 tỷ","48,0m²",1,1,T.Bắc,https://propzy.vn/mua/ban-can-ho-1-1-phong-ngu-chung-cu-vinhomes-grank-park-quan-9-id102653?src=location_xl_listing
114,Chung cư/ Căn hộ,Bán căn hộ Celadon City Quận Tân Phú.,Q.Tân Phú,"3,568 tỷ","96,0m²",3,2,Đ.Nam,https://propzy.vn/mua/ban-can-ho-celadon-city-quan-tan-phu-id101831?src=location_xl_listing
115,Chung cư/ Căn hộ,Bán căn hộ chung cư 2 phòng ngủ tầng cao Tòa nhà Vạn Đô quận 4,Q.4,"2,4 tỷ","59,3m²",2,1,--,https://propzy.vn/mua/ban-can-ho-chung-cu-2-phong-ngu-tang-cao-toa-nha-van-do-quan-4-id99506?src=location_xl_listing
116,Chung cư/ Căn hộ,Bán Chung Cư  Căn Hộ Bình Phú - Quận 6,Q.6,"1,45 tỷ","45,3m²",2,1,T.Nam,https://propzy.vn/mua/ban-chung-cu-can-ho-binh-phu-quan-6-id83188?src=location_xl_listing
117,Chung cư/ Căn hộ,"Bán căn hộ 2 phòng ngủ, chung cử Safira Khang Điền - Quận 9",Q.9,"2,5 tỷ","63,0m²",2,2,Đ.Bắc,https://propzy.vn/mua/ban-can-ho-2-phong-ngu-chung-cu-safira-khang-dien-quan-9-id112724
118,Chung cư/ Căn hộ,"Căn hộ chung cư thiết kế cổ điển tại TRUNG TÂM QUẬN 1, sổ hồng riêng chính chủ|!",Q.1,"2,1 tỷ","24,1m²",0,1,T.Bắc,https://propzy.vn/mua/can-ho-chung-cu-thiet-ke-co-dien-tai-trung-tam-quan-1-so-hong-rieng-chinh-chu-id112676
119,Chung cư/ Căn hộ,Căn hộ tầng 12A chung cư City Gate mặt tiền Võ Văn Kiệt phường 16 Quận 8. Mua vào ở ngay.,Q.8,"2,3 tỷ","71,9m²",2,2,--,https://propzy.vn/mua/can-ho-tang-12a-chung-cu-city-gate-mat-tien-vo-van-kiet-phuong-16-quan-8-mua-vao-o-ngay-id112652
120,Chung cư/ Căn hộ,"BÁN CĂN HỘ QUẬN 7 - Cần bán căn hộ Janoma Heights. Khu dân cư tri thức, an ninh, yên tĩnh, nhiều không gian cây xanh. ",Q.7,"3,2 tỷ","91,0m²",3,2,--,https://propzy.vn/mua/ban-can-ho-quan-7-can-ban-can-ho-janoma-heights-khu-dan-cu-tri-thuc-an-ninh-yen-tinh-nhieu-khong-gian-cay-xanh-id112493
121,Chung cư/ Căn hộ,"Cần bán căn hộ 3 phòng ngủ, Chung cư the Eastern - quận 9",Q.9,"2,72 tỷ","101,2m²",3,2,Đông,https://propzy.vn/mua/can-ban-can-ho-3-phong-ngu-chung-cu-the-eastern-quan-9-id112085
122,Chung cư/ Căn hộ,Bán căn hộ chung cư Thái An Quận 12 - Diện tích 70.7m2.,Q.12,"1,55 tỷ","70,7m²",2,2,--,https://propzy.vn/mua/ban-can-ho-chung-cu-thai-an-quan-12-dien-tich-70-7m2-id112439
123,Chung cư/ Căn hộ,"Cần bán gấp căn hồ  Riverside, Quận Bình Thạnh",Q.Bình Thạnh,"2,35 tỷ","45,0m²",1,1,--,https://propzy.vn/mua/can-ban-gap-can-ho-riverside-quan-binh-thanh-id112241
124,Chung cư/ Căn hộ,"Bán căn hộ Cao ốc Fortuna Kim Hồng Quận Tân Phú tầng thấp, thiết kế đẹp",Q.Tân Phú,"2,1 tỷ","74,5m²",2,2,--,https://propzy.vn/mua/ban-can-ho-cao-oc-fortuna-kim-hong-quan-tan-phu-tang-thap-thiet-ke-dep-id112268
125,Chung cư/ Căn hộ,"Bán căn hộ Vinhomes Golden River (Vinhomes Bason), view dọc sông Sài Gòn và Bitexco đẹp nhất dự án, tầng cao thông thoáng!",Q.1,"13,8 tỷ","73,3m²",2,2,Đ.Bắc,https://propzy.vn/mua/ban-can-ho-vinhomes-golden-river-vinhomes-bason-view-doc-song-sai-gon-va-bitexco-dep-nhat-du-an-tang-cao-thong-thoang-id112076
126,Chung cư/ Căn hộ,"Bán căn hộ 2PN, chung cư Ngọc Đông Dương, P. Bình Hưng Hòa A, Bình Tân - Giao lại full nội thất",Q.Bình Tân,"1,9 tỷ","64,0m²",2,2,Đ.Nam,https://propzy.vn/mua/ban-can-ho-2pn-chung-cu-ngoc-dong-duong-p-binh-hung-hoa-a-binh-tan-giao-lai-full-noi-that-id111887
127,Chung cư/ Căn hộ,Bán Căn Hộ Chung Cư The Park Residence Phước Kiển Đường Nguyễn Hữu Thọ Huyện Nhà Bè-Thuạn tiện di chuyển qua Quận 7,H.Nhà Bè,"1,7 tỷ","52,0m²",2,1,--,https://propzy.vn/mua/ban-can-ho-chung-cu-the-park-residence-phuoc-kien-duong-nguyen-huu-tho-huyen-nha-be-thuan-tien-di-chuyen-qua-quan-7-id111827
128,Chung cư/ Căn hộ,Bán căn hộ chung cư Võ Đình Quận 12 - Diện tích 54.28m2,Q.12,"1,47 tỷ","54,3m²",2,2,--,https://propzy.vn/mua/ban-can-ho-chung-cu-vo-dinh-quan-12-dien-tich-54-28m2-id111725
129,Chung cư/ Căn hộ,Bán căn hộ chung cư An Sương Quận 12 - Diện tích 82.1m2,Q.12,"1,8 tỷ","82,1m²",2,2,--,https://propzy.vn/mua/ban-can-ho-chung-cu-an-suong-quan-12-dien-tich-82-1m2-id111452
130,Chung cư/ Căn hộ,"BÁN CĂN HỘ HUYỆN NHÀ BÈ-Căn Hộ Orchid Park-Khu dân cư tri thức, an ninh, yên tĩnh-Tầng 12 thoáng mát",H.Nhà Bè,"1,6 tỷ","75,0m²",2,2,--,https://propzy.vn/mua/ban-can-ho-huyen-nha-be-can-ho-orchid-park-khu-dan-cu-tri-thuc-an-ninh-yen-tinh-tang-12-thoang-mat-id111416
131,Chung cư/ Căn hộ,Bán Căn Hộ Chung Cư Sunrise Riverside Phước Kiển Đường Nguyễn Hữu Thọ Huyện Nhà Bè ,H.Nhà Bè,"3,5 tỷ","70,0m²",2,2,--,https://propzy.vn/mua/ban-can-ho-chung-cu-sunrise-riverside-phuoc-kien-duong-nguyen-huu-tho-huyen-nha-be-id111278
132,Chung cư/ Căn hộ,"Bán căn Penthouse thuộc chung cư 4S Linh Đông, Quận Thủ Đức",Q.Thủ Đức,5 tỷ,"136,3m²",3,2,Đ.Nam,https://propzy.vn/mua/ban-can-penthouse-thuoc-chung-cu-4s-linh-dong-quan-thu-duc-id111191
133,Chung cư/ Căn hộ,.,Q.2,"4,6 tỷ","82,4m²",2,2,--,https://propzy.vn/mua/-id111095
134,Chung cư/ Căn hộ,Bán căn hộ 3 phòng ngủ tầng trung The gold view quận 4,Q.4,"6,2 tỷ","105,9m²",3,2,Đ.Nam,https://propzy.vn/mua/ban-can-ho-3-phong-ngu-tang-trung-the-gold-view-quan-4-id111050
135,Chung cư/ Căn hộ,Chính chủ cần bán căn hộ chung cư The Art Gia Hòa- Quận 9,Q.9,"2,32 tỷ","55,7m²",2,2,Đ.Bắc,https://propzy.vn/mua/chinh-chu-can-ban-can-ho-chung-cu-the-art-gia-hoa-quan-9-id110981
136,Chung cư/ Căn hộ,Bán Căn Hộ Chung Cư The Park Residence Phước Kiển Đường Nguyễn Hữu Thọ Huyện Nhà Bè-Căn góc,H.Nhà Bè,"2,2 tỷ","74,0m²",2,2,--,https://propzy.vn/mua/ban-can-ho-chung-cu-the-park-residence-phuoc-kien-duong-nguyen-huu-tho-huyen-nha-be-can-goc-id110912
137,Chung cư/ Căn hộ,"Bán căn hộ Linh Tây Tower, Quận Thủ Đức. View Landmark 81",Q.Thủ Đức,"2,4 tỷ","77,5m²",2,2,Đ.Bắc,https://propzy.vn/mua/ban-can-ho-linh-tay-tower-quan-thu-duc-view-landmark-81-id110474
138,Chung cư/ Căn hộ,Căn hộ tầng 4 chung cư City Gate mặt tiền Võ Văn Kiệt phường 16 Quận 8. Mua vào ở ngay.,Q.8,"2,1 tỷ","72,0m²",2,2,--,https://propzy.vn/mua/can-ho-tang-4-chung-cu-city-gate-mat-tien-vo-van-kiet-phuong-16-quan-8-mua-vao-o-ngay-id108746
139,Chung cư/ Căn hộ,"Chung cư Phú Nhuận, để trống dọn vào ở ngay",Q.Phú Nhuận,"2,28 tỷ","48,3m²",2,2,--,https://propzy.vn/mua/chung-cu-phu-nhuan-de-trong-don-vao-o-ngay-id110273
140,Chung cư/ Căn hộ,"BÁN CĂN HỘ QUẬN 7 - Cần bán căn hộ Hưng Vượng 2, thoải mái, tiện nghi.",Q.7,"3,5 tỷ","112,8m²",2,2,--,https://propzy.vn/mua/ban-can-ho-quan-7-can-ban-can-ho-hung-vuong-2-thoai-mai-tien-nghi-id110321
141,Chung cư/ Căn hộ,Bán Căn hộ 2 phòng ngủ Chung cư Phố Đông Aparment (Chung cư Phố Đông Hoa Sen) - Quận 9.,Q.9,"1,65 tỷ","65,8m²",2,1,Đ.Nam,https://propzy.vn/mua/ban-can-ho-2-phong-ngu-chung-cu-pho-dong-aparment-chung-cu-pho-dong-hoa-sen-quan-9-id110048
142,Chung cư/ Căn hộ,"Bán căn hộ chung cư La Astoria 2 phường Bình Trưng Tây, quận 2. Giao dịch nhanh chóng, nhận nhà ngay.",Q.2,"5,45 tỷ","77,1m²",2,2,--,https://propzy.vn/mua/ban-can-ho-chung-cu-la-astoria-2-phuong-binh-trung-tay-quan-2-giao-dich-nhanh-chong-nhan-nha-ngay-id109997
143,Chung cư/ Căn hộ,"Bán căn hộ 3PN, chung cư Green Hills, P. Bình Hưng Hòa B, Bình Tân - KDC Vĩnh Lộc",Q.Bình Tân,"2,4 tỷ","86,0m²",3,2,--,https://propzy.vn/mua/ban-can-ho-3pn-chung-cu-green-hills-p-binh-hung-hoa-b-binh-tan-kdc-vinh-loc-id109973
144,Chung cư/ Căn hộ,"Bán căn hộ 2 phòng ngủ, chung cư 9 View - Quận 9",Q.9,"1,98 tỷ","58,0m²",2,2,T.Bắc,https://propzy.vn/mua/ban-can-ho-2-phong-ngu-chung-cu-9-view-quan-9-id109706
145,Chung cư/ Căn hộ,Bán Căn hộ thương mại - dịch vụ Chung cư Phố Đông Aparment (Chung cư Phố Đông Hoa Sen) - Quận 9.,Q.9,"1,78 tỷ","58,4m²",2,1,T.Bắc,https://propzy.vn/mua/ban-can-ho-thuong-mai-dich-vu-chung-cu-pho-dong-aparment-chung-cu-pho-dong-hoa-sen-quan-9-id109718
146,Chung cư/ Căn hộ,Bán căn hộ chung cư Diamond Lotus Riverside đẹp nhất Quận 8 - Mua vào ở ngay.,Q.8,"4,1 tỷ","92,0m²",3,2,Đ.Nam,https://propzy.vn/mua/ban-can-ho-chung-cu-diamond-lotus-riverside-dep-nhat-quan-8-mua-vao-o-ngay-id109425
147,Chung cư/ Căn hộ,Bán căn hộ chung cư EHome S Nam Sài Gòn đường Nguyễn Văn Linh huyện Bình Chánh,H.Bình Chánh,"1,69 tỷ","50,0m²",1,1,--,https://propzy.vn/mua/ban-can-ho-chung-cu-ehome-s-nam-sai-gon-duong-nguyen-van-linh-huyen-binh-chanh-id109712
148,Chung cư/ Căn hộ,"Bán  căn hộ chung cư Đại Thành Quận Tân Phú, đã nhận nhà, tiện vào ở ngay",Q.Tân Phú,"2,1 tỷ","82,0m²",2,2,--,https://propzy.vn/mua/ban-can-ho-chung-cu-dai-thanh-quan-tan-phu-da-nhan-nha-tien-vao-o-ngay-id109422
149,Chung cư/ Căn hộ,Căn hộ tầng 14 chung cư Carina phường 16 Quận 8  - Tặng nội thất,Q.8,"1,97 tỷ","96,5m²",2,2,--,https://propzy.vn/mua/can-ho-tang-14-chung-cu-carina-phuong-16-quan-8-tang-noi-that-id109610
150,Chung cư/ Căn hộ,Căn hộ tầng 4 chung cư C1 Ba Tơ phường 7 Quận 8,Q.8,"1,25 tỷ","65,7m²",2,1,--,https://propzy.vn/mua/can-ho-tang-4-chung-cu-c1-ba-to-phuong-7-quan-8-id108776
151,Chung cư/ Căn hộ,Bán Căn Hộ Chung Cư Ngô Quyền Lô C Tầng Trệt + Tầng Lửng  Quận 5,Q.5,"6,6 tỷ","122,6m²",2,2,Tây,https://propzy.vn/mua/ban-can-ho-chung-cu-ngo-quyen-lo-c-tang-tret-tang-lung-quan-5-id109382
152,Chung cư/ Căn hộ,Bán gấp căn shophouse - Căn hộ Sài Gòn Gateway - Quận 9,Q.9,"6,3 tỷ","82,0m²",0,1,T.Bắc,https://propzy.vn/mua/ban-gap-can-shophouse-can-ho-sai-gon-gateway-quan-9-id109139
153,Chung cư/ Căn hộ,Bán CĂN HỘ 2 phòng ngủ -  Cơ hội sở hữu căn hộ Sài Gòn Gateway - Quận 9,Q.9,"2,2 tỷ","67,2m²",2,2,Đ.Nam,https://propzy.vn/mua/ban-can-ho-2-phong-ngu-co-hoi-so-huu-can-ho-sai-gon-gateway-quan-9-id109121
154,Chung cư/ Căn hộ,"Bán căn hộ Citisoho phường Cát Lái, quận 2. Giao dịch nhanh chóng, nhận nhà ngay.",Q.2,"1,75 tỷ","55,6m²",2,2,Đ.Bắc,https://propzy.vn/mua/ban-can-ho-citisoho-phuong-cat-lai-quan-2-giao-dich-nhanh-chong-nhan-nha-ngay-id108791
155,Chung cư/ Căn hộ,"Bán căn hộ chung cư Feliz En Vista phường Thạnh Mỹ Lợi, quận 2. Hợp đồng mua bán chính chủ, sang tên ngay.",Q.2,"5,8 tỷ","90,2m²",2,2,--,https://propzy.vn/mua/ban-can-ho-chung-cu-feliz-en-vista-phuong-thanh-my-loi-quan-2-hop-dong-mua-ban-chinh-chu-sang-ten-ngay-id108863
156,Chung cư/ Căn hộ,"Bán căn hộ chung cư Feliz En Vista phường Thạnh Mỹ Lợi, quận 2. Hợp đồng mua bán chính chủ, sang tên ngay.",Q.2,"5,8 tỷ","90,2m²",2,2,--,https://propzy.vn/mua/ban-can-ho-chung-cu-feliz-en-vista-phuong-thanh-my-loi-quan-2-hop-dong-mua-ban-chinh-chu-sang-ten-ngay-id108866
157,Chung cư/ Căn hộ,Bán căn hộ chung cư Tín Phong - 12View Quận 12 - Diện tích 84.71m2,Q.12,"1,55 tỷ","84,2m²",2,2,Đ.Bắc,https://propzy.vn/mua/ban-can-ho-chung-cu-tin-phong-12view-quan-12-dien-tich-84-71m2-id108725
158,Chung cư/ Căn hộ,Bán căn hộ Celadon City Quận Tân Phú.,Q.Tân Phú,"2,85 tỷ","68,0m²",2,2,Đ.Nam,https://propzy.vn/mua/ban-can-ho-celadon-city-quan-tan-phu-id108578
159,Chung cư/ Căn hộ,"Chính chủ cần bán gấp căn hộ chung cư Ehome Đông Sài Gòn 2 - full nội thất, 2 phòng ngủ - Quận 9.",Q.9,"1,72 tỷ","66,0m²",2,2,T.Bắc,https://propzy.vn/mua/chinh-chu-can-ban-gap-can-ho-chung-cu-ehome-dong-sai-gon-2-full-noi-that-2-phong-ngu-quan-9-id108572
160,Chung cư/ Căn hộ,Chính chủ cần bán gấp căn hộ chung cư Ehome Đông Sài Gòn 2 - full nội thất  - Quận 9.,Q.9,"1,6 tỷ","57,5m²",2,1,Đ.Nam,https://propzy.vn/mua/chinh-chu-can-ban-gap-can-ho-chung-cu-ehome-dong-sai-gon-2-full-noi-that-quan-9-id108527
161,Chung cư/ Căn hộ,Bán căn hộ chung cư Hoàng Kim Thế Gia quận Bình Tân - Khu dân cư nhiều tiện ích,Q.Bình Tân,"2,35 tỷ","81,4m²",3,2,--,https://propzy.vn/mua/ban-can-ho-chung-cu-hoang-kim-the-gia-quan-binh-tan-khu-dan-cu-nhieu-tien-ich-id108359
162,Chung cư/ Căn hộ,"Bán căn hộ chung cư Masteri Thảo Điền, phường Thảo Điền, quận 2. Sổ hồng riêng chính chủ, sang tên ngay.",Q.2,"4,35 tỷ","64,5m²",2,2,--,https://propzy.vn/mua/ban-can-ho-chung-cu-masteri-thao-dien-phuong-thao-dien-quan-2-so-hong-rieng-chinh-chu-sang-ten-ngay-id108215
163,Chung cư/ Căn hộ,"Bán căn hộ Oriental Plaza Quận Tân Phú tầng cao, full nội thất",Q.Tân Phú,"3,59 tỷ","94,6m²",3,2,--,https://propzy.vn/mua/ban-can-ho-oriental-plaza-quan-tan-phu-tang-cao-full-noi-that-id107433
164,Chung cư/ Căn hộ,Bán căn hộ đã có sổ Chung cư Tân Vĩnh phường 6 quận 4,Q.4,"1,85 tỷ","48,0m²",1,1,--,https://propzy.vn/mua/ban-can-ho-da-co-so-chung-cu-tan-vinh-phuong-6-quan-4-id108119
165,Chung cư/ Căn hộ,"Bán căn hộ chung cư La Astoria 2 phường Bình Trưng Tây, quận 2. Giao dịch nhanh chóng, nhận nhà ngay.",Q.2,5 tỷ,"84,0m²",3,2,T.Nam,https://propzy.vn/mua/ban-can-ho-chung-cu-la-astoria-2-phuong-binh-trung-tay-quan-2-giao-dich-nhanh-chong-nhan-nha-ngay-id108023
166,Chung cư/ Căn hộ,"Bán căn hộ chung cư The CBD phường Thạnh Mỹ Lợi, quận 2.",Q.2,"2,2 tỷ","60,0m²",2,2,--,https://propzy.vn/mua/ban-can-ho-chung-cu-the-cbd-phuong-thanh-my-loi-quan-2-id108020
167,Chung cư/ Căn hộ,"Chính chủ bán CC CRES Tower, 2PN,Trường Sa, Quận 3",Q.3,"3,3 tỷ","76,0m²",2,2,Tây,https://propzy.vn/mua/chinh-chu-ban-cc-cres-tower-2pn-truong-sa-quan-3-id106541
168,Chung cư/ Căn hộ,"Bán căn hộ chung cư Fresca Riverside, phường Bình Chiểu, Quận Thủ Đức",Q.Thủ Đức,"1,53 tỷ","55,4m²",2,1,--,https://propzy.vn/mua/ban-can-ho-chung-cu-fresca-riverside-phuong-binh-chieu-quan-thu-duc-id107591
169,Chung cư/ Căn hộ,BÁN CĂN HỘ QUẬN 7 - Cần bán căn hộ thuộc khu phức hợp Sunrise City. ,Q.7,"3,85 tỷ","76,0m²",2,2,--,https://propzy.vn/mua/ban-can-ho-quan-7-can-ban-can-ho-thuoc-khu-phuc-hop-sunrise-city-id107711
170,Chung cư/ Căn hộ,Bán căn hộ chung cư Him Lam Nam Sài Gòn - Bình Chánh - Sổ hồng chính chủ,H.Bình Chánh,"1,85 tỷ","58,1m²",2,1,--,https://propzy.vn/mua/ban-can-ho-chung-cu-him-lam-nam-sai-gon-binh-chanh-so-hong-chinh-chu-id107483
171,Chung cư/ Căn hộ,Bán Căn Hộ Chung Cư Vạn Kiếp Quận 5 - Tầng 1 và 2 -  Gần chợ  và Khu vực trung tâm thành phố,Q.5,"3,9 tỷ","73,7m²",2,1,Tây,https://propzy.vn/mua/ban-can-ho-chung-cu-van-kiep-quan-5-tang-1-va-2-gan-cho-va-khu-vuc-trung-tam-thanh-pho-id107297
172,Chung cư/ Căn hộ,"Bán Chung Cư Căn Hộ An Phú - Quận 6 - Khu vực an ninh, yên tĩnh ",Q.6,"1,5 tỷ","48,0m²",1,1,Tây,https://propzy.vn/mua/ban-chung-cu-can-ho-an-phu-quan-6-khu-vuc-an-ninh-yen-tinh-id107183
173,Chung cư/ Căn hộ,Bán Căn Hộ Chung Cư Dragon Hill Phước Kiển Đường Nguyễn Hữu Thọ Huyện Nhà Bè tầng 24view đẹp thoáng mát,H.Nhà Bè,"3,5 tỷ","114,0m²",3,3,T.Nam,https://propzy.vn/mua/ban-can-ho-chung-cu-dragon-hill-phuoc-kien-duong-nguyen-huu-tho-huyen-nha-be-tang-24view-dep-thoang-mat-id107258
174,Chung cư/ Căn hộ,Chính chủ bán căn hộ 2 phòng ngủ  chung cư Điện Lực phường 16 Quận 8,Q.8,"1,75 tỷ","75,0m²",2,2,Đ.Nam,https://propzy.vn/mua/chinh-chu-ban-can-ho-2-phong-ngu-chung-cu-dien-luc-phuong-16-quan-8-id106532
175,Chung cư/ Căn hộ,Bán Căn Hộ Chung Cư Dragon Hill Phước Kiển Đường Nguyễn Hữu Thọ Huyện Nhà Bè tầng 15 view đẹp thoáng mát,H.Nhà Bè,"2,4 tỷ","71,0m²",2,2,Nam,https://propzy.vn/mua/ban-can-ho-chung-cu-dragon-hill-phuoc-kien-duong-nguyen-huu-tho-huyen-nha-be-tang-15-view-dep-thoang-mat-id107099
176,Chung cư/ Căn hộ,"Bán căn hộ, 3 phòng ngủ 118m2, chung cư TDH Phước Bình, lầu 9 - quận 9.",Q.9,3 tỷ,"118,0m²",3,3,T.Bắc,https://propzy.vn/mua/ban-can-ho-3-phong-ngu-118m2-chung-cu-tdh-phuoc-binh-lau-9-quan-9-id106604
177,Chung cư/ Căn hộ,Bán Căn Hộ Chung Cư  Nguyễn Biểu Quận5,Q.5,"2,4 tỷ","48,4m²",2,1,T.Nam,https://propzy.vn/mua/ban-can-ho-chung-cu-nguyen-bieu-quan5-id107003
178,Chung cư/ Căn hộ,"BÁN CĂN HỘ CHUNG CƯ 1A-1B NGUYỄN ĐÌNH CHIỂU, P. ĐA KAO, QUẬN 1.",Q.1,"2,2 tỷ","41,2m²",2,1,T.Bắc,https://propzy.vn/mua/ban-can-ho-chung-cu-1a-1b-nguyen-dinh-chieu-p-da-kao-quan-1-id106982
179,Chung cư/ Căn hộ,"Cần bán căn hộ quận 4 - Căn hộ kiểu studio duplex, tầng thấp Masteri Millennium",Q.4,"3,7 tỷ","42,0m²",1,1,--,https://propzy.vn/mua/can-ban-can-ho-quan-4-can-ho-kieu-studio-duplex-tang-thap-masteri-millennium-id106871
180,Chung cư/ Căn hộ,"Bán căn hộ chung cư Citi Soho, quận 2. Nhà trống, sắp nhận bàn giao.",Q.2,"1,645 tỷ","60,0m²",2,2,Đ.Bắc,https://propzy.vn/mua/ban-can-ho-chung-cu-citi-soho-quan-2-nha-trong-sap-nhan-ban-giao-id106739
181,Chung cư/ Căn hộ,"Cần bán gấp căn hộ chung cư C3, đường Man Thiện, phường Hiệp Phú, Quận 9",Q.9,"1,75 tỷ","72,8m²",2,1,T.Nam,https://propzy.vn/mua/can-ban-gap-can-ho-chung-cu-c3-duong-man-thien-phuong-hiep-phu-quan-9-id106697
182,Chung cư/ Căn hộ,Bán Chung Cư Căn Hộ HQC-Đường Nguyễn Văn Linh-Huyện Bình Chánh-Tầng trệt-Thích hợp kinh doanh văn phòng-cafe,H.Bình Chánh,"4,5 tỷ","118,6m²",0,2,Bắc,https://propzy.vn/mua/ban-chung-cu-can-ho-hqc-duong-nguyen-van-linh-huyen-binh-chanh-tang-tret-thich-hop-kinh-doanh-van-phong-cafe-id106646
183,Chung cư/ Căn hộ,Bán Căn Hộ Chung Cư 78 Kinh  Dương Vương - Quận 6 - Tầng Trệt - Gân chợ,Q.6,"3,5 tỷ","71,5m²",3,1,Tây,https://propzy.vn/mua/ban-can-ho-chung-cu-78-kinh-duong-vuong-quan-6-tang-tret-gan-cho-id106625
184,Chung cư/ Căn hộ, Bán Căn Hộ Chung Cư Sư Vạn Hạnh - Quận 5,Q.5,"2,35 tỷ","78,2m²",2,1,T.Nam,https://propzy.vn/mua/ban-can-ho-chung-cu-su-van-hanh-quan-5-id106649
185,Chung cư/ Căn hộ,BÁN CĂN HỘ HOÀNG ANH GOLD HOUSE HUYỆN NHÀ BÈ Đường Lê Văn Lương Phước Kiển-Khu dân cư tri thức,H.Nhà Bè,"2,55 tỷ","102,6m²",3,2,Đ.Nam,https://propzy.vn/mua/ban-can-ho-hoang-anh-gold-house-huyen-nha-be-duong-le-van-luong-phuoc-kien-khu-dan-cu-tri-thuc-id106301
186,Chung cư/ Căn hộ,Bán Căn Hộ Chung Cư Dragon Hill Đường Nguyễn Hữu Thọ Huyện Nhà Bè tầng 3 view đẹp thoáng mát,H.Nhà Bè,"2,75 tỷ","86,0m²",2,2,Nam,https://propzy.vn/mua/ban-can-ho-chung-cu-dragon-hill-duong-nguyen-huu-tho-huyen-nha-be-tang-3-view-dep-thoang-mat-id106383
187,Chung cư/ Căn hộ,Bán gấp 2 căn hộ officetel liền nhau GARDEN GATE 60m2,Q.Phú Nhuận,"4,2 tỷ","60,0m²",2,1,--,https://propzy.vn/mua/ban-gap-2-can-ho-officetel-lien-nhau-garden-gate-60m2-id106255
188,Chung cư/ Căn hộ,Bán căn hộ chung cư Lý Thường Kiệt - Sổ hồng chính chủ,Q.11,"2,1 tỷ","49,3m²",2,2,--,https://propzy.vn/mua/ban-can-ho-chung-cu-ly-thuong-kiet-so-hong-chinh-chu-id106061
189,Chung cư/ Căn hộ,Chung cư căn hộ THE FLEMINGTON Quận 11 Sổ hồng riêng,Q.11,"4,95 tỷ","116,9m²",2,2,--,https://propzy.vn/mua/chung-cu-can-ho-the-flemington-qua-n-11-so-hong-rieng-id106073
190,Chung cư/ Căn hộ,Bán Căn Hộ Chung Cư Him Lam Chợ Lớn - Quận 6 - Không gian sống hoàn hảo cho gia chủ,Q.6,"3,4 tỷ","90,7m²",2,2,Tây,https://propzy.vn/mua/ban-can-ho-chung-cu-him-lam-cho-lon-quan-6-khong-gian-song-hoan-hao-cho-gia-chu-id106106
191,Chung cư/ Căn hộ,Căn hộ tầng 9 chung cư Him Lam Nam Khánh phường 5 Quận 8,Q.8,"2,8 tỷ","91,9m²",2,2,--,https://propzy.vn/mua/can-ho-tang-9-chung-cu-him-lam-nam-khanh-phuong-5-quan-8-id105905
192,Chung cư/ Căn hộ,"Bán căn hộ Oriental Plaza Quận Tân Phú tầng cao, full nội thất",Q.Tân Phú,"2,85 tỷ","78,0m²",2,2,--,https://propzy.vn/mua/ban-can-ho-oriental-plaza-quan-tan-phu-tang-cao-full-noi-that-id105914
193,Chung cư/ Căn hộ,Căn hộ 2 phòng ngủ tầng cao The Gold View quận 4,Q.4,"3,4 tỷ","57,0m²",2,1,--,https://propzy.vn/mua/can-ho-2-phong-ngu-tang-cao-the-gold-view-quan-4-id105857
194,Chung cư/ Căn hộ,Bán căn hộ Tây Thạnh Quận Tân Phú.,Q.Tân Phú,"1,7 tỷ","70,6m²",2,2,Đ.Nam,https://propzy.vn/mua/ban-can-ho-tay-thanh-quan-tan-phu-id105674
195,Chung cư/ Căn hộ,Bán căn hộ chung cư 85-87 Hòa Hưng - Sổ hồng riêng chính chủ,Q.10,"2,55 tỷ","63,0m²",2,2,--,https://propzy.vn/mua/ban-can-ho-chung-cu-85-87-hoa-hung-so-hong-rieng-chinh-chu-id105794
196,Chung cư/ Căn hộ,Bán căn hộ chung cư cao cấp RiverPark quận 7 - Khu dân cư nhiều tiện ích,Q.7,"6,7 tỷ","126,2m²",3,2,Bắc,https://propzy.vn/mua/ban-can-ho-chung-cu-cao-cap-riverpark-quan-7-khu-dan-cu-nhieu-tien-ich-id105743
197,Chung cư/ Căn hộ,Bán căn hộ chung cư Võ Đình Quận 12 - Diện tích 83.5m2.,Q.12,"1,85 tỷ","83,5m²",2,2,--,https://propzy.vn/mua/ban-can-ho-chung-cu-vo-dinh-quan-12-dien-tich-83-5m2-id105689
198,Chung cư/ Căn hộ,Bán chung cư Quận Tân Phú - Khu dân cư sầm uất.,Q.Tân Phú,"1,3 tỷ","43,6m²",1,1,--,https://propzy.vn/mua/ban-chung-cu-quan-tan-phu-khu-dan-cu-sam-uat-id105530
199,Chung cư/ Căn hộ,Bán căn hộ Officetel chung cư The Sun Avenue quận 2.,Q.2,"2,2 tỷ","42,8m²",0,1,--,https://propzy.vn/mua/ban-can-ho-officetel-chung-cu-the-sun-avenue-quan-2-id105500
200,Chung cư/ Căn hộ,"Chính chủ cần bán gấp căn hộ, full nội thất, 2 phòng ngủ, chung cư Ehome Đông Sài Gòn 2  - Quận 9.",Q.9,"1,5 tỷ","51,3m²",2,1,T.Nam,https://propzy.vn/mua/chinh-chu-can-ban-gap-can-ho-full-noi-that-2-phong-ngu-chung-cu-ehome-dong-sai-gon-2-quan-9-id105554
201,Chung cư/ Căn hộ,"Bán căn hộ 46m2 1PN 1WC căn hộ Ehome S, phường Phú Hữu - Quận 9",Q.9,"1,4 tỷ","46,0m²",1,1,Nam,https://propzy.vn/mua/ban-can-ho-46m2-1pn-1wc-can-ho-ehome-s-phuong-phu-huu-quan-9-id104942
202,Chung cư/ Căn hộ,Bán căn hộ 2 phòng ngủ The Tresor quận 4,Q.4,"4,25 tỷ","76,0m²",2,2,--,https://propzy.vn/mua/ban-can-ho-2-phong-ngu-the-tresor-quan-4-id105536
203,Chung cư/ Căn hộ,Bán căn hộ Celadon City Quận Tân Phú.,Q.Tân Phú,"3,3 tỷ","83,0m²",3,2,Đ.Nam,https://propzy.vn/mua/ban-can-ho-celadon-city-quan-tan-phu-id105338
204,Chung cư/ Căn hộ,Bán chung cư căn hộ Quận 11 - Sổ hồng chính chủ,Q.11,"2,55 tỷ","61,1m²",2,2,--,https://propzy.vn/mua/ban-chung-cu-can-ho-quan-11-so-hong-chinh-chu-id105326
205,Chung cư/ Căn hộ,Bán căn văn phòng Everrich hướng đông Bắc Quận 11,Q.11,"4,5 tỷ","109,9m²",0,0,Đ.Bắc,https://propzy.vn/mua/ban-can-van-phong-everrich-huong-dong-bac-quan-11-id105290
206,Chung cư/ Căn hộ,Bán căn hộ CC Dream Home Luxury Gò Vấp - nhận nhà ngay,Q.Gò Vấp,2 tỷ,"64,0m²",2,2,Đ.Nam,https://propzy.vn/mua/ban-can-ho-cc-dream-home-luxury-go-vap-nhan-nha-ngay-id105131
207,Chung cư/ Căn hộ,Bán căn hộ chung cư The CBD quận 2.,Q.2,"2,3 tỷ","65,0m²",2,2,--,https://propzy.vn/mua/ban-can-ho-chung-cu-the-cbd-quan-2-id104990
208,Chung cư/ Căn hộ,Bán căn hộ chung cư The Sun Avenue quận 2.,Q.2,"4,7 tỷ","96,0m²",3,2,--,https://propzy.vn/mua/ban-can-ho-chung-cu-the-sun-avenue-quan-2-id105008
209,Chung cư/ Căn hộ,Bán căn hộ Elora Mizuki Đường Nguyễn văn Linh Huyện Bình Chánh-Dân cư an ninh-thoáng mát,H.Bình Chánh,"2,885 tỷ","82,0m²",2,2,--,https://propzy.vn/mua/ban-can-ho-elora-mizuki-duong-nguyen-van-linh-huyen-binh-chanh-dan-cu-an-ninh-thoang-mat-id105074
210,Chung cư/ Căn hộ,"Bán gấp ShopHouse 1 trệt - 1 lầu, chung cư Đông Sài Gòn - Quận 9.",Q.9,"3,7 tỷ","120,0m²",4,2,T.Nam,https://propzy.vn/mua/ban-gap-shophouse-1-tret-1-lau-chung-cu-dong-sai-gon-quan-9-id105014
211,Chung cư/ Căn hộ,Bán căn hộ Celadon City Quận Tân Phú.,Q.Tân Phú,"2,85 tỷ","80,0m²",3,2,--,https://propzy.vn/mua/ban-can-ho-celadon-city-quan-tan-phu-id104816
212,Chung cư/ Căn hộ,"Chuyển nhượng hợp đồng cọc căn hộ 1+1 phòng ngủ, chung cư Hausbelo Phú Hữu Quận 9 Ezland",Q.9,216 triệu,"55,8m²",1,1,Tây,https://propzy.vn/mua/chuyen-nhuong-hop-dong-coc-can-ho-1-1-phong-ngu-chung-cu-hausbelo-phu-huu-quan-9-ezland-id104753
213,Chung cư/ Căn hộ,"Bán căn hộ 8X Đầm Sen quận Tân Phú, xung quanh nhiều tiện ích",Q.Tân Phú,"1,36 tỷ","45,0m²",1,1,--,https://propzy.vn/mua/ban-can-ho-8x-dam-sen-quan-tan-phu-xung-quanh-nhieu-tien-ich-id104633
214,Chung cư/ Căn hộ,"Bán căn hộ chung cư The Vista An Phú, quận 2.",Q.2,"5,7 tỷ","157,9m²",4,4,--,https://propzy.vn/mua/ban-can-ho-chung-cu-the-vista-an-phu-quan-2-id104618
215,Chung cư/ Căn hộ,"Bán căn hộ chung cư The CBD phường Thạnh Mỹ Lợi, quận 2. Đầy đủ nội thất, dọn vào ở ngay.",Q.2,"3,7 tỷ","120,3m²",4,3,--,https://propzy.vn/mua/ban-can-ho-chung-cu-the-cbd-phuong-thanh-my-loi-quan-2-day-du-noi-that-don-vao-o-ngay-id104636
216,Đất nền,"Bán đất nền hẻm xe tải 8m P. Bình Trị Đông A, Bình Tân - Thuận tiện xây mới hoặc đầu tư",Q.Bình Tân,"4,7 tỷ","79,0m²",0,0,Đ.Nam,https://propzy.vn/mua/ban-dat-nen-hem-xe-tai-8m-p-binh-tri-dong-a-binh-tan-thuan-tien-xay-moi-hoac-dau-tu-id112124?src=location_xl_listing
217,Đất nền,"Bán đất nền HXT rộng 6m, P. Bình Hưng Hòa B, Bình Tân - Thuận tiện xây dựng mới",Q.Bình Tân,"5,25 tỷ","104,8m²",0,0,Bắc,https://propzy.vn/mua/ban-dat-nen-hxt-rong-6m-p-binh-hung-hoa-b-binh-tan-thuan-tien-xay-dung-moi-id111320?src=location_xl_listing
218,Đất nền,"Bán lô đất nở hậu, hẻm ô tô, trung tâm phường Tăng Nhơn Phú B - Quận 9.",Q.9,"3,9 tỷ","60,6m²",0,0,T.Bắc,https://propzy.vn/mua/ban-lo-dat-no-hau-hem-o-to-trung-tam-phuong-tang-nhon-phu-b-quan-9-id110390?src=location_xl_listing
219,Đất nền,Chính chủ bán lô đất nền huyện Hóc Môn- Sổ hồng riêng chính chủ- Mặt tiền đường nội bộ trải nhựa rộng 12m,H.Hóc Môn,"3,3 tỷ","74,5m²",0,0,T.Bắc,https://propzy.vn/mua/chinh-chu-ban-lo-dat-nen-huyen-hoc-mon-so-hong-rieng-chinh-chu-mat-tien-duong-noi-bo-trai-nhua-rong-12m-id110264?src=location_xl_listing
220,Đất nền,Chính chủ cần bán lô đất nền huyện Hóc Môn- Mặt tiền đường nhựa rộng 7m,H.Hóc Môn,11 tỷ,"543,9m²",0,0,Đ.Nam,https://propzy.vn/mua/chinh-chu-can-ban-lo-dat-nen-huyen-hoc-mon-mat-tien-duong-nhua-rong-7m-id108932?src=location_xl_listing
221,Đất nền,Bán đất nền  Đường Bà Hom Quận 6 - Nhà thích hợp mua để xây dựng lại - Gần chợ và siêu thị,Q.6,18 tỷ,"220,0m²",0,0,Đ.Nam,https://propzy.vn/mua/ban-dat-nen-duong-ba-hom-quan-6-nha-thich-hop-mua-de-xay-dung-lai-gan-cho-va-sieu-thi-id107480?src=location_xl_listing
222,Đất nền,"Bán đất nền 53,9m2  KDC Thái Dương Xanh Luxury gần chợ Long Trường - Quận 9",Q.9,"2,48 tỷ","53,9m²",0,0,Bắc,https://propzy.vn/mua/ban-dat-nen-53-9m2-kdc-thai-duong-xanh-luxury-gan-cho-long-truong-quan-9-id106811?src=location_xl_listing
223,Đất nền,"Bán đất nền ven sông 56m2 hẻm thông xe ô tô, phường Long Phước - Quận 9.",Q.9,"2,05 tỷ","56,0m²",0,0,T.Bắc,https://propzy.vn/mua/ban-dat-nen-ven-song-56m2-hem-thong-xe-o-to-phuong-long-phuoc-quan-9-id103700?src=location_xl_listing
224,Đất nền,Đất hẻm ô tô ngay trường THCS Long Trường,Q.9,"4,3 tỷ","113,8m²",0,0,Đ.Nam,https://propzy.vn/mua/dat-hem-o-to-ngay-truong-thcs-long-truong-id102905?src=location_xl_listing
225,Đất nền,Bán lô đất nền huyện Hóc Môn- hẻm bê tông đường Nguyễn Ảnh Thủ,H.Hóc Môn,"4,37 tỷ","94,9m²",0,0,Nam,https://propzy.vn/mua/ban-lo-dat-nen-huyen-hoc-mon-hem-be-tong-duong-nguyen-anh-thu-id102209?src=location_xl_listing
226,Đất nền,"Bán lô đất gần Trung Tâm Y Tế Trường Thạnh, Quận 9.",Q.9,"2,55 tỷ","60,9m²",0,0,Đ.Bắc,https://propzy.vn/mua/ban-lo-dat-gan-trung-tam-y-te-truong-thanh-quan-9-id97370?src=location_xl_listing
227,Đất nền,Bán lô đất nền huyện Hóc Môn- Mặt tiền đường nhựa thông thoáng rộng 10m,H.Hóc Môn,"12,345 tỷ","823,0m²",0,0,T.Nam,https://propzy.vn/mua/ban-lo-dat-nen-huyen-hoc-mon-mat-tien-duong-nhua-thong-thoang-rong-10m-id98885?src=location_xl_listing
228,Đất nền,"Bán đất nền mặt tiền 20m, hướng Tây Nam, phường 15, Tân Bình",Q.Tân Bình,"13,5 tỷ","112,3m²",0,0,T.Nam,https://propzy.vn/mua/ban-dat-nen-mat-tien-20m-huong-tay-nam-phuong-15-tan-binh-id98738?src=location_xl_listing
229,Đất nền,Bán lô đất nền huyện Hóc Môn- cách MT đường Song Hành QL22 400m,H.Hóc Môn,34 tỷ,"4.944,6m²",0,0,T.Bắc,https://propzy.vn/mua/ban-lo-dat-nen-huyen-hoc-mon-cach-mt-duong-song-hanh-ql22-400m-id96155?src=location_xl_listing
230,Đất nền,Bán Đất Hẻm Xe Hơi 4.5m Ngay trung Tâm Thị Trấn Huyện Nhà Bè-Đường Huỳnh Tấn Phát Hẻm thông-Gần Ngân Hàng-Sổ Hồng chính chủ,H.Nhà Bè,"3,8 tỷ","116,5m²",0,0,T.Bắc,https://propzy.vn/mua/ban-dat-hem-xe-hoi-4-5m-ngay-trung-tam-thi-tran-huyen-nha-be-duong-huynh-tan-phat-hem-thong-gan-ngan-hang-so-hong-chinh-chu-id95558?src=location_xl_listing
231,Đất nền,"Chính chủ bán đất nền hẻm 1 sẹc phường Cát Lái, quận 2. Giao dịch nhanh chóng, sang tên ngay.",Q.2,"4,6 tỷ","97,8m²",0,0,Đ.Bắc,https://propzy.vn/mua/chinh-chu-ban-dat-nen-hem-1-sec-phuong-cat-lai-quan-2-giao-dich-nhanh-chong-sang-ten-ngay-id90518?src=location_xl_listing
232,Đất nền,Bán đất nền Quận 12 - Cách đường Tô Ngọc Vân 850m,Q.12,"2,73 tỷ","61,2m²",0,0,Đ.Bắc,https://propzy.vn/mua/ban-dat-nen-quan-12-cach-duong-to-ngoc-van-850m-id89536?src=location_xl_listing
233,Đất nền,"Bán lô đất gần khu dân cư Trường Lưu, phường Long Trường Quận 9.",Q.9,"2,45 tỷ","52,8m²",0,0,Đ.Bắc,https://propzy.vn/mua/ban-lo-dat-gan-khu-dan-cu-truong-luu-phuong-long-truong-quan-9-id88354?src=location_xl_listing
234,Đất nền,Bán đất nền Đường số 6m đường rộng thông thoáng Huyện Bình Chánh -Sổ hồng chính chủ -pháp lý minh bạch-rõ ràng,H.Bình Chánh,"6,5 tỷ","100,0m²",0,0,T.Bắc,https://propzy.vn/mua/ban-dat-nen-duong-so-6m-duong-rong-thong-thoang-huyen-binh-chanh-so-hong-chinh-chu-phap-ly-minh-bach-ro-rang-id83470?src=location_xl_listing
235,Đất nền,Bán đất nền Đường số 6m đường rộng thông thoáng Huyện Bình Chánh -Sổ hồng chính chủ -pháp lý minh bạch-rõ ràng,H.Bình Chánh,"6,5 tỷ","100,0m²",0,0,T.Bắc,https://propzy.vn/mua/ban-dat-nen-duong-so-6m-duong-rong-thong-thoang-huyen-binh-chanh-so-hong-chinh-chu-phap-ly-minh-bach-ro-rang-id83464?src=location_xl_listing
236,Đất nền,"Bán đất nền Quận Gò Vấp - Hẻm xe hơi, khu dân hiện hữu",Q.Gò Vấp,"4,65 tỷ","72,0m²",0,0,Đ.Bắc,https://propzy.vn/mua/ban-dat-nen-quan-go-vap-hem-xe-hoi-khu-dan-hien-huu-id83083?src=location_xl_listing
237,Đất nền,"Đất nền hẻm xe hơi 55,5m2 ngay chợ Long Phước",Q.9,"2,3 tỷ","55,5m²",0,0,Bắc,https://propzy.vn/mua/dat-nen-hem-xe-hoi-55-5m2-ngay-cho-long-phuoc-id68641?src=location_xl_listing
238,Đất nền,Bán đất hẻm xe hơi di chuyển Quận 12,Q.12,"3,5 tỷ","80,4m²",0,0,T.Bắc,https://propzy.vn/mua/ban-dat-hem-xe-hoi-di-chuyen-quan-12-id112772
239,Đất nền,"Bán lô đất 56m2 mặt tiền đường nội bộ 8m, phường Phú Hữu - Quận 9.",Q.9,"2,9 tỷ","56,0m²",0,0,T.Nam,https://propzy.vn/mua/ban-lo-dat-56m2-mat-tien-duong-noi-bo-8m-phuong-phu-huu-quan-9-id112628
240,Đất nền,"Bán đất nền phường Cát Lái, quận 2. Nền đất vuông vức thuộc khu dân cư Cát Lái.",Q.2,"4,6 tỷ","100,0m²",0,0,Đ.Nam,https://propzy.vn/mua/ban-dat-nen-phuong-cat-lai-quan-2-nen-dat-vuong-vuc-thuoc-khu-dan-cu-cat-lai-id112658
241,Đất nền,Bán lô đất nền khu dân cư gần khu du lịch BCR- phường Trường Thạnh,Q.9,"3,25 tỷ","82,3m²",0,0,Đ.Nam,https://propzy.vn/mua/ban-lo-dat-nen-khu-dan-cu-gan-khu-du-lich-bcr-phuong-truong-thanh-id112469
242,Đất nền,"1Bán đất nền Quận Gò Vấp - Hẻm xe hơi 3.7m - Khu an ninh, yên tĩnh",Q.Gò Vấp,"3,7 tỷ","37,4m²",0,0,T.Nam,https://propzy.vn/mua/1ban-dat-nen-quan-go-vap-hem-xe-hoi-3-7m-khu-an-ninh-yen-tinh-id112580
243,Đất nền,Bán nhà nát thuận tiện xây mới xã Trung Chánh- huyện Hóc Môn,H.Hóc Môn,"4,5 tỷ","136,1m²",0,0,Đ.Bắc,https://propzy.vn/mua/ban-nha-nat-thuan-tien-xay-moi-xa-trung-chanh-huyen-hoc-mon-id112613
244,Đất nền,"Đất nền HXT rộng 10m, P. Bình Hưng Hòa, Bình Tân - Thuận tiện xây dựng mới",Q.Bình Tân,"4,5 tỷ","53,5m²",0,0,T.Nam,https://propzy.vn/mua/dat-nen-hxt-rong-10m-p-binh-hung-hoa-binh-tan-thuan-tien-xay-dung-moi-id112565
245,Đất nền,"Bán đất nền 170,4m2 mặt tiền đường nội bộ 10m Bưng Ông Thoàn quận 9, sổ hồng riêng chính chủ.",Q.9,"5,452 tỷ","170,4m²",0,0,T.Nam,https://propzy.vn/mua/ban-dat-nen-170-4m2-mat-tien-duong-noi-bo-10m-bung-ong-thoan-quan-9-so-hong-rieng-chinh-chu-id111938
246,Đất nền,"Bán lô đất dự án 81,7m2, mặt tiền đường nội bộ rộng 8m, phường Phú Hữu - Quận 9",Q.9,"3,513 tỷ","81,7m²",0,0,Đ.Bắc,https://propzy.vn/mua/ban-lo-dat-du-an-81-7m2-mat-tien-duong-noi-bo-rong-8m-phuong-phu-huu-quan-9-id111962
247,Đất nền,"Bán nhà nát Quận 12 - Cách đường Trường Chinh 80m, Ngã tư An Sương 380m",Q.12,2 tỷ,"39,0m²",0,0,Đ.Nam,https://propzy.vn/mua/ban-nha-nat-quan-12-cach-duong-truong-chinh-80m-nga-tu-an-suong-380m-id112421
248,Đất nền,"Bán đất hẻm an ninh, đường số 2, phường Trường Thọ, Quận Thủ Đức",Q.Thủ Đức,"4,1 tỷ","114,7m²",0,0,Đ.Bắc,https://propzy.vn/mua/ban-dat-hem-an-ninh-duong-so-2-phuong-truong-tho-quan-thu-duc-id112292
249,Đất nền,"Bán đất hẻm xe hơi thông thoáng, phường Linh Tây, Quận Thủ Đức - Cách đại lộ Phạm Văn Đồng 100m",Q.Thủ Đức,"3,2 tỷ","79,6m²",0,0,Đ.Nam,https://propzy.vn/mua/ban-dat-hem-xe-hoi-thong-thoang-phuong-linh-tay-quan-thu-duc-cach-dai-lo-pham-van-dong-100m-id112280
250,Đất nền,Bán lô đất thổ cư mặt tiền đường nhựa lớn Quận 12 - 5 phút tới cầu Phú Long,Q.12,4 tỷ,"94,8m²",0,0,Đ.Bắc,https://propzy.vn/mua/ban-lo-dat-tho-cu-mat-tien-duong-nhua-lon-quan-12-5-phut-toi-cau-phu-long-id112325
251,Đất nền,Bán lô đất mặt tiền đường thông ra đường Song Hành Xa Lộ Hà Nội- đường trải nhựa rộng 12m,Q.9,32 tỷ,"436,0m²",0,0,Tây,https://propzy.vn/mua/ban-lo-dat-mat-tien-duong-thong-ra-duong-song-hanh-xa-lo-ha-noi-duong-trai-nhua-rong-12m-id112316
252,Đất nền,Bán đất nền Quận Gò Vấp - Đường nhựa 4.5m - Khu an ninh,Q.Gò Vấp,"6,8 tỷ","105,8m²",0,0,T.Nam,https://propzy.vn/mua/ban-dat-nen-quan-go-vap-duong-nhua-4-5m-khu-an-ninh-id112310
253,Đất nền,Bán đất mặt tiền đường 8m xã Phạm Văn Hai huyện Bình Chánh,H.Bình Chánh,"3,77 tỷ","129,8m²",0,0,Đ.Nam,https://propzy.vn/mua/ban-dat-mat-tien-duong-8m-xa-pham-van-hai-huyen-binh-chanh-id111875
254,Đất nền,Bán đất nền Quận Gò Vấp - Đường nhựa 6.2m - Khu dân cư đông đúc,Q.Gò Vấp,"4,5 tỷ","53,0m²",0,0,T.Bắc,https://propzy.vn/mua/ban-dat-nen-quan-go-vap-duong-nhua-6-2m-khu-dan-cu-dong-duc-id111788
255,Đất nền,Bán đất nền Bình Chánh,H.Bình Chánh,"2,05 tỷ","142,1m²",0,0,Đông,https://propzy.vn/mua/ban-dat-nen-binh-chanh-id111734
256,Đất nền,"Bán đất mặt tiền đường Quận 12 - Diện tích lớn, khu vực nhiều tiện ích",Q.12,160 tỷ,"6.270,0m²",0,0,Nam,https://propzy.vn/mua/ban-dat-mat-tien-duong-quan-12-dien-tich-lon-khu-vuc-nhieu-tien-ich-id111632
257,Đất nền,"Bán đất hẻm xe hơi, đường số 11, phường Trường Thọ, Quận Thủ Đức",Q.Thủ Đức,"3,8 tỷ","70,3m²",0,0,T.Nam,https://propzy.vn/mua/ban-dat-hem-xe-hoi-duong-so-11-phuong-truong-tho-quan-thu-duc-id111464
258,Đất nền,"Bán đất nền phường Bình An, quận 2. Khu dân cư hiện hữu.",Q.2,"15,5 tỷ","135,8m²",0,0,Đ.Bắc,https://propzy.vn/mua/ban-dat-nen-phuong-binh-an-quan-2-khu-dan-cu-hien-huu-id111554
259,Đất nền,"Bán đất nền hẻm xe hơi 4m P. Bình Trị Đông A, Bình Tân - Gần chợ Lê Văn Quới",Q.Bình Tân,"4,88 tỷ","72,5m²",0,0,T.Bắc,https://propzy.vn/mua/ban-dat-nen-hem-xe-hoi-4m-p-binh-tri-dong-a-binh-tan-gan-cho-le-van-quoi-id111245
260,Đất nền,"Bán gấp lô đất 2 mặt hẻm thông thoáng, ngay đường số 1, phường Tam Phú, Quận Thủ Đức",Q.Thủ Đức,"9,135 tỷ","261,0m²",0,0,Đ.Bắc,https://propzy.vn/mua/ban-gap-lo-dat-2-mat-hem-thong-thoang-ngay-duong-so-1-phuong-tam-phu-quan-thu-duc-id111089
261,Đất nền,"Bán đất nền hẻm xe hơi P. Bình Hưng Hòa B, quận Bình Tân - Thuận tiện đầu tư hoặc xây mới",Q.Bình Tân,"3,5 tỷ","58,3m²",0,0,Đ.Nam,https://propzy.vn/mua/ban-dat-nen-hem-xe-hoi-p-binh-hung-hoa-b-quan-binh-tan-thuan-tien-dau-tu-hoac-xay-moi-id110990
262,Đất nền,"Bán lô đất mặt tiền nội bộ rộng 8m, gần khu nhà ở Thịnh Vượng, Phường Long Thạnh Mỹ - quận 9.",Q.9,"3,7 tỷ","57,4m²",0,0,Nam,https://propzy.vn/mua/ban-lo-dat-mat-tien-noi-bo-rong-8m-gan-khu-nha-o-thinh-vuong-phuong-long-thanh-my-quan-9-id110831
263,Đất nền,"Bán lô đất lớn, vị trí góc 2 mặt đường rộng 10m, phường Phú Hữu - Quận 9",Q.9,"12,732 tỷ","424,4m²",0,0,T.Nam,https://propzy.vn/mua/ban-lo-dat-lon-vi-tri-goc-2-mat-duong-rong-10m-phuong-phu-huu-quan-9-id110885
264,Đất nền,Bán Đất hẻm thông thoáng Đường Nguyễn Văn Tạo Hiệp Phước Huyện Nhà Bè,H.Nhà Bè,"2,1 tỷ","80,0m²",0,0,Nam,https://propzy.vn/mua/ban-dat-hem-thong-thoang-duong-nguyen-van-tao-hiep-phuoc-huyen-nha-be-id110897
265,Đất nền,Bán đất giá tốt Đường Thanh niên xung Phong thông qua Đường Liên Ấp liên 3-4 Nguyễn văn Tạo  Huyện Nhà Bè,H.Nhà Bè,"2,6 tỷ","445,4m²",0,0,Đông,https://propzy.vn/mua/ban-dat-gia-tot-duong-thanh-nien-xung-phong-thong-qua-duong-lien-ap-lien-3-4-nguyen-van-tao-huyen-nha-be-id110819
266,Đất nền,Bán Đất Khu Dân Cư Mới Đường Rộng Thông Thoáng Đường Đào Tông Nguyên Huyện Nhà Bè,H.Nhà Bè,"2,5 tỷ","50,0m²",0,0,T.Bắc,https://propzy.vn/mua/ban-dat-khu-dan-cu-moi-duong-rong-thong-thoang-duong-dao-tong-nguyen-huyen-nha-be-id110744
267,Đất nền,Bán Đất Khu Dân Cư Mới Đường Rộng Thông Thoáng Đường Đào Tông Nguyên Huyện Nhà Bè,H.Nhà Bè,"2,5 tỷ","50,2m²",0,0,T.Bắc,https://propzy.vn/mua/ban-dat-khu-dan-cu-moi-duong-rong-thong-thoang-duong-dao-tong-nguyen-huyen-nha-be-id110750
268,Đất nền,Bán Đất Khu Dân Cư Mới Đường Rộng 12m Phước kiển Huyện Nhà Bè,H.Nhà Bè,"6,75 tỷ","125,0m²",0,0,T.Bắc,https://propzy.vn/mua/ban-dat-khu-dan-cu-moi-duong-rong-12m-phuoc-kien-huyen-nha-be-id110762
269,Đất nền,Bán Đất trồng cây mặt tiền Lê Văn Lương Nhơn Đức Huyện Nhà Bè-Đường Rộng 11m-thích hợp mua đầu tư,H.Nhà Bè,38 tỷ,"4.300,0m²",0,0,T.Bắc,https://propzy.vn/mua/ban-dat-trong-cay-mat-tien-le-van-luong-nhon-duc-huyen-nha-be-duong-rong-11m-thich-hop-mua-dau-tu-id110786
270,Đất nền,Bán Đất 6m Hẻm Xe Hơi Đường Huỳnh Tấn Phát Huyện Nhà Bè-Gần Khu Dân Cư Phú Xuân-UBND-Bưu Điện,H.Nhà Bè,"3,1 tỷ","100,0m²",0,0,Tây,https://propzy.vn/mua/ban-dat-6m-hem-xe-hoi-duong-huynh-tan-phat-huyen-nha-be-gan-khu-dan-cu-phu-xuan-ubnd-buu-dien-id110795
271,Đất nền,Bán Đất Nền Giá tốt Hẻm Xe Hơi 6m Đường Huỳnh tấn Phát Huyện Nhà Bè,H.Nhà Bè,"2,55 tỷ","59,7m²",0,0,T.Bắc,https://propzy.vn/mua/ban-dat-nen-gia-tot-hem-xe-hoi-6m-duong-huynh-tan-phat-huyen-nha-be-id110804
272,Đất nền,"Bán đất hẻm xe hơi, ngay Cầu Gò Dưa phường Hiệp Bình Chánh, Quận Thủ Đức",Q.Thủ Đức,"3,7 tỷ","52,4m²",0,0,Tây,https://propzy.vn/mua/ban-dat-hem-xe-hoi-ngay-cau-go-dua-phuong-hiep-binh-chanh-quan-thu-duc-id110477
273,Đất nền,Bán đất hẻm xe hơi Quận 12 - Cách đường Nguyễn Văn Quá 180m,Q.12,"4,9 tỷ","100,7m²",0,0,T.Bắc,https://propzy.vn/mua/ban-dat-hem-xe-hoi-quan-12-cach-duong-nguyen-van-qua-180m-id110537
274,Đất nền,"Bán đất nền hẻm xe tải 15m P. An Lạc, Bình Tân - Cách Võ Văn Kiệt 1km",Q.Bình Tân,"4,5 tỷ","65,7m²",0,0,Đ.Bắc,https://propzy.vn/mua/ban-dat-nen-hem-xe-tai-15m-p-an-lac-binh-tan-cach-vo-van-kiet-1km-id110243
275,Đất nền,"Bán đất nền mặt tiền đường nội bộ P. An Lạc, Bình Tân - Thuộc khu dân cư Hương Lộ 5",Q.Bình Tân,"4,3 tỷ","80,0m²",0,0,T.Nam,https://propzy.vn/mua/ban-dat-nen-mat-tien-duong-noi-bo-p-an-lac-binh-tan-thuoc-khu-dan-cu-huong-lo-5-id110219
276,Đất nền,"Bán đất mặt tiền Quận 12 - Cách Trường THPT Võ Trường Toản 430m, cách đường Lê Văn Khương 520m",Q.12,"5,3 tỷ","86,5m²",0,0,T.Nam,https://propzy.vn/mua/ban-dat-mat-tien-quan-12-cach-truong-thpt-vo-truong-toan-430m-cach-duong-le-van-khuong-520m-id109988
277,Đất nền,"Bán lô góc 3 mặt tiền đường nhựa 10m, phường Hiệp Bình Chánh, Quận Thủ Đức",Q.Thủ Đức,"13,6 tỷ","200,0m²",0,0,T.Nam,https://propzy.vn/mua/ban-lo-goc-3-mat-tien-duong-nhua-10m-phuong-hiep-binh-chanh-quan-thu-duc-id110045
278,Đất nền,"Bán lô đất biệt thự mặt tiền đường nội bộ, phường Hiệp Bình Chánh, Quận Thủ Đức",Q.Thủ Đức,9 tỷ,"119,0m²",0,0,T.Nam,https://propzy.vn/mua/ban-lo-dat-biet-thu-mat-tien-duong-noi-bo-phuong-hiep-binh-chanh-quan-thu-duc-id110042
279,Đất nền,"Bán đất biệt thự mặt tiền đườg nội bộ, phường Hiệp Bình Chánh, Quận Thủ Đức",Q.Thủ Đức,"9,17 tỷ","131,0m²",0,0,Đ.Nam,https://propzy.vn/mua/ban-dat-biet-thu-mat-tien-duog-noi-bo-phuong-hiep-binh-chanh-quan-thu-duc-id110036
280,Đất nền,"Bán đất nền hẻm xe hơi 5m P. Bình Trị Đông A, Bình Tân - Thuận tiện xây mới",Q.Bình Tân,"3,6 tỷ","80,0m²",0,0,Đ.Bắc,https://propzy.vn/mua/ban-dat-nen-hem-xe-hoi-5m-p-binh-tri-dong-a-binh-tan-thuan-tien-xay-moi-id110069
281,Đất nền,Chủ nhà cần bán gấp đất nền Lê Quang Định Bình Thạnh,Q.Bình Thạnh,16 tỷ,"14,9m²",0,0,Đ.Nam,https://propzy.vn/mua/chu-nha-can-ban-gap-dat-nen-le-quang-dinh-binh-thanh-id110039
282,Đất nền,"Bán gấp lô đất nở hậu, hẻm xe hơi đường Cây Keo, phường Tam Phú, Quận Thủ Đức",Q.Thủ Đức,"4,2 tỷ","81,1m²",0,0,T.Nam,https://propzy.vn/mua/ban-gap-lo-dat-no-hau-hem-xe-hoi-duong-cay-keo-phuong-tam-phu-quan-thu-duc-id110000
283,Đất nền,"Bán đất thổ cư 100% Quận 12 - Đường xe tải di chuyển, 600m ra đường chính.",Q.12,62 tỷ,"3.253,3m²",0,0,Bắc,https://propzy.vn/mua/ban-dat-tho-cu-100-quan-12-duong-xe-tai-di-chuyen-600m-ra-duong-chinh-id109817
284,Đất nền,Bán đất nền Quận Tân Phú - Hẻm xe hơi.,Q.Tân Phú,"7,6 tỷ","64,0m²",0,0,Đ.Nam,https://propzy.vn/mua/ban-dat-nen-quan-tan-phu-hem-xe-hoi-id109961
285,Đất nền,"Bán đất nền 2 mặt hẻm P. Bình Trị Đông, Bình Tân - Thuận tiện kinh doanh",Q.Bình Tân,"3,3 tỷ","56,7m²",0,0,Bắc,https://propzy.vn/mua/ban-dat-nen-2-mat-hem-p-binh-tri-dong-binh-tan-thuan-tien-kinh-doanh-id109880
286,Đất nền,"Đất nền HXT rộng 7m, P. Tân Tạo, Bình Tân - Thuận tiện xây dựng mới",Q.Bình Tân,"2,75 tỷ","57,0m²",0,0,Tây,https://propzy.vn/mua/dat-nen-hxt-rong-7m-p-tan-tao-binh-tan-thuan-tien-xay-dung-moi-id109793
287,Đất nền,"Đất nền HXT rộng 7m, P. Tân Tạo, Bình Tân - Thuận tiện xây dựng mới",Q.Bình Tân,"2,75 tỷ","57,1m²",0,0,Tây,https://propzy.vn/mua/dat-nen-hxt-rong-7m-p-tan-tao-binh-tan-thuan-tien-xay-dung-moi-id109784
288,Đất nền,"Bán đất nền hẻm xe hơi Quận 12 - Sau lưng trường THPT Võ Trường Toản, cách đường Lê Văn Khương 300m",Q.12,"2,5 tỷ","40,5m²",0,0,T.Bắc,https://propzy.vn/mua/ban-dat-nen-hem-xe-hoi-quan-12-sau-lung-truong-thpt-vo-truong-toan-cach-duong-le-van-khuong-300m-id109658
289,Đất nền,"Bán gấp lô đất, giáp mặt tiền đường nội bộ, phường Tăng Nhơn Phú A - Quận 9.",Q.9,"3,1 tỷ","64,0m²",0,0,Tây,https://propzy.vn/mua/ban-gap-lo-dat-giap-mat-tien-duong-noi-bo-phuong-tang-nhon-phu-a-quan-9-id109247
290,Đất nền,"Bán đất nền MT đường P. Tân Tạo, Bình Tân - Thuận tiện xây dựng kho xưởng",Q.Bình Tân,15 tỷ,"433,1m²",0,0,T.Bắc,https://propzy.vn/mua/ban-dat-nen-mt-duong-p-tan-tao-binh-tan-thuan-tien-xay-dung-kho-xuong-id109607
291,Đất nền,"Bán đất hẻm xe Tải, thổ cư 100% phường Hiệp Bình Phước, Quận Thủ Đức",Q.Thủ Đức,"2,52 tỷ","51,5m²",0,0,Đ.Bắc,https://propzy.vn/mua/ban-dat-hem-xe-tai-tho-cu-100-phuong-hiep-binh-phuoc-quan-thu-duc-id109538
292,Đất nền,"Bán lô đất nở hậu, hẻm xe hơi gần Chợ Tam Hải, phường Tam Bình, Quận Thủ Đức",Q.Thủ Đức,9 tỷ,"309,8m²",0,0,T.Bắc,https://propzy.vn/mua/ban-lo-dat-no-hau-hem-xe-hoi-gan-cho-tam-hai-phuong-tam-binh-quan-thu-duc-id109166
293,Đất nền,"Bán đất thổ cư, gần Sông Sài Gòn phường Hiệp Bình Phước Quận Thủ Đức",Q.Thủ Đức,"3,7 tỷ","52,5m²",0,0,Nam,https://propzy.vn/mua/ban-dat-tho-cu-gan-song-sai-gon-phuong-hiep-binh-phuoc-quan-thu-duc-id109115
294,Đất nền,"Chính chủ bán đất thổ cư 100%, hẻm xe Tải, phường Tam Phú, Quận Thủ Đức",Q.Thủ Đức,"2,95 tỷ","50,8m²",0,0,T.Nam,https://propzy.vn/mua/chinh-chu-ban-dat-tho-cu-100-hem-xe-tai-phuong-tam-phu-quan-thu-duc-id109220
295,Đất nền,Bán lô đất nền huyện Hóc Môn- cách MT đường Nguyễn Văn Bứa 750m,H.Hóc Môn,"16,8 tỷ","1.714,6m²",0,0,Đ.Bắc,https://propzy.vn/mua/ban-lo-dat-nen-huyen-hoc-mon-cach-mt-duong-nguyen-van-bua-750m-id109205
296,Đất nền,"Đất nền HXH, P. Bình Hưng Hòa, Bình Tân - Đối diện KCD Celadon City Tân Phú",Q.Bình Tân,"5,3 tỷ","80,0m²",0,0,T.Nam,https://propzy.vn/mua/dat-nen-hxh-p-binh-hung-hoa-binh-tan-doi-dien-kcd-celadon-city-tan-phu-id109055
297,Đất nền,"Bán lô góc, 2 mặt hẻm xe Tải, phường Linh Trung, Quận Thủ Đức",Q.Thủ Đức,"6,3 tỷ","64,2m²",0,0,Nam,https://propzy.vn/mua/ban-lo-goc-2-mat-hem-xe-tai-phuong-linh-trung-quan-thu-duc-id108758
298,Đất nền,"Bán đất diện tích lớn, hẻm xe hơi, phường Bình Chiểu, Quận Thủ Đức. Ngay Khu Công Nghiệp Linh Trung 2",Q.Thủ Đức,"5,596 tỷ","279,8m²",0,0,T.Bắc,https://propzy.vn/mua/ban-dat-dien-tich-lon-hem-xe-hoi-phuong-binh-chieu-quan-thu-duc-ngay-khu-cong-nghiep-linh-trung-2-id108836
299,Đất nền,Bán đất nền huyện Bình Chánh hẻm ô tô,H.Bình Chánh,"4,5 tỷ","224,8m²",0,0,Bắc,https://propzy.vn/mua/ban-dat-nen-huyen-binh-chanh-hem-o-to-id108812
300,Đất nền,"Bán đất nền mặt tiền đường nội bộ P. Tân Tạo, Bình Tân - Gần khu Tên Lửa, đất diện tích xây biệt thự",Q.Bình Tân,"10,6 tỷ","200,0m²",0,0,Đ.Bắc,https://propzy.vn/mua/ban-dat-nen-mat-tien-duong-noi-bo-p-tan-tao-binh-tan-gan-khu-ten-lua-dat-dien-tich-xay-biet-thu-id108806
301,Đất nền,Bán đất nền đường nhựa 12m - Nguyễn Văn Quá Quận 12,Q.12,"2,67 tỷ","50,0m²",0,0,T.Bắc,https://propzy.vn/mua/ban-dat-nen-duong-nhua-12m-nguyen-van-qua-quan-12-id108809
302,Đất nền,Bán đất nền hẻm xe hơi 6m Huyện Nhà Bè Đường Đào Tông Nguyên-Đất Đẹp vuông vứt Sổ hồng chính chủ -pháp lý minh bạch-rõ ràng,H.Nhà Bè,"2,45 tỷ","50,1m²",0,0,Đ.Nam,https://propzy.vn/mua/ban-dat-nen-hem-xe-hoi-6m-huyen-nha-be-duong-dao-tong-nguyen-dat-dep-vuong-vut-so-hong-chinh-chu-phap-ly-minh-bach-ro-rang-id108740
303,Đất nền,Bán đất Hẻm 12m đưởng rộng thông thoáng Phước kiển Huyện Nhà Bè-Đường Lê Văn Lương,H.Nhà Bè,"7,117 tỷ","131,8m²",0,0,Bắc,https://propzy.vn/mua/ban-dat-hem-12m-duong-rong-thong-thoang-phuoc-kien-huyen-nha-be-duong-le-van-luong-id108695
304,Đất nền,"Bán đất mặt tiền đường số, phường Linh Đông, Quận Thủ Đức. Hướng Nam",Q.Thủ Đức,"14,5 tỷ","266,6m²",0,0,Nam,https://propzy.vn/mua/ban-dat-mat-tien-duong-so-phuong-linh-dong-quan-thu-duc-huong-nam-id108635
305,Đất nền,"Bán đất mặt tiền đường số 6, phường Hiệp Bình Phước, Quận Thủ Đức",Q.Thủ Đức,11 tỷ,"182,5m²",0,0,T.Nam,https://propzy.vn/mua/ban-dat-mat-tien-duong-so-6-phuong-hiep-binh-phuoc-quan-thu-duc-id108611
306,Đất nền,"Bán đất mặt tiền đường số 6, phường Hiệp Bình Phước, Quận Thủ Đức",Q.Thủ Đức,12 tỷ,"197,4m²",0,0,T.Nam,https://propzy.vn/mua/ban-dat-mat-tien-duong-so-6-phuong-hiep-binh-phuoc-quan-thu-duc-id108617
307,Đất nền,"Bán đất nở hậu mặt tiền đường số, phường Trường Thọ, Quận Thủ Đức",Q.Thủ Đức,"6,9 tỷ","97,3m²",0,0,Đ.Nam,https://propzy.vn/mua/ban-dat-no-hau-mat-tien-duong-so-phuong-truong-tho-quan-thu-duc-id108590
308,Đất nền,"Bán đất 2 mặt hẻm xe hơi, phường Trường Thọ, Quận Thủ Đức. Sổ hồng chính chủ",Q.Thủ Đức,"3,05 tỷ","78,8m²",0,0,Đ.Nam,https://propzy.vn/mua/ban-dat-2-mat-hem-xe-hoi-phuong-truong-tho-quan-thu-duc-so-hong-chinh-chu-id108485
309,Đất nền,"Bán đất mặt tiền đường nội bộ, phường Hiệp Bình Chánh, Quận Thủ Đức",Q.Thủ Đức,"5,7 tỷ","91,5m²",0,0,Đ.Nam,https://propzy.vn/mua/ban-dat-mat-tien-duong-noi-bo-phuong-hiep-binh-chanh-quan-thu-duc-id108281
310,Đất nền,"Bán đất mặt tiền đường nội bộ, phường Hiệp Bình Phước, Quận Thủ Đức",Q.Thủ Đức,"13,15 tỷ","263,0m²",0,0,T.Bắc,https://propzy.vn/mua/ban-dat-mat-tien-duong-noi-bo-phuong-hiep-binh-phuoc-quan-thu-duc-id108254
311,Đất nền,"Bán đất nền đường nội bộ 12m Khu Công Đoàn ĐH Mở, Trường Thạnh, Quận 9",Q.9,"4,1 tỷ","152,0m²",0,0,T.Bắc,https://propzy.vn/mua/ban-dat-nen-duong-noi-bo-12m-khu-cong-doan-dh-mo-truong-thanh-quan-9-id108305
312,Đất nền,Bán đất hẻm thông thoáng Đường Nguyễn Văn Tạo Hiệp Phước Huyện Nhà Bè,H.Nhà Bè,3 tỷ,"321,4m²",0,0,Đ.Nam,https://propzy.vn/mua/ban-dat-hem-thong-thoang-duong-nguyen-van-tao-hiep-phuoc-huyen-nha-be-id108179
313,Đất nền,Bán đất nền hai mặt tiền Quận 12 - Cách chợ Cầu Đồng 760m,Q.12,9 tỷ,"389,7m²",0,0,Đ.Bắc,https://propzy.vn/mua/ban-dat-nen-hai-mat-tien-quan-12-cach-cho-cau-dong-760m-id107828
314,Đất nền,"Bán gấp lô đất đường nhựa xe tải, phường Bình Chiểu, Quận Thủ Đức",Q.Thủ Đức,"3,3 tỷ","94,8m²",0,0,T.Bắc,https://propzy.vn/mua/ban-gap-lo-dat-duong-nhua-xe-tai-phuong-binh-chieu-quan-thu-duc-id107831
315,Đất nền,Bán đất hẻm xe hơi quận Tân Phú -  khu dân cư sầm uất.,Q.Tân Phú,"4,3 tỷ","48,0m²",0,0,Tây,https://propzy.vn/mua/ban-dat-hem-xe-hoi-quan-tan-phu-khu-dan-cu-sam-uat-id107630
316,Đất nền,"Bán gấp lô đất đường xe tải, phường Trường Trọ, Quận Thủ Đức",Q.Thủ Đức,"12,6 tỷ","242,4m²",0,0,T.Bắc,https://propzy.vn/mua/ban-gap-lo-dat-duong-xe-tai-phuong-truong-tro-quan-thu-duc-id107675
317,Đất nền,"Bán lô đất Mặt tiền đường nội bộ, Phường Tăng Nhơn Phú B - Quận 9.",Q.9,"4,85 tỷ","58,8m²",0,0,Đ.Bắc,https://propzy.vn/mua/ban-lo-dat-mat-tien-duong-noi-bo-phuong-tang-nhon-phu-b-quan-9-id107777
318,Đất nền,Bán đất nền hẻm xe hơi quận 7 - Tặng giấy phép xây dựng,Q.7,"6,5 tỷ","74,3m²",0,0,Đ.Bắc,https://propzy.vn/mua/ban-dat-nen-hem-xe-hoi-quan-7-tang-giay-phep-xay-dung-id107813
319,Đất nền,"Bán đất hẻm xe hơi, gần cầu vượt Gò Dưa phường Tam Bình, Quận Thủ Đức",Q.Thủ Đức,"3,25 tỷ","58,6m²",0,0,T.Bắc,https://propzy.vn/mua/ban-dat-hem-xe-hoi-gan-cau-vuot-go-dua-phuong-tam-binh-quan-thu-duc-id107621
320,Đất nền,"Bán đất mặt tiền đường nội bộ, phường Linh Tây, Quận Thủ Đức",Q.Thủ Đức,"3,3 tỷ","46,5m²",0,0,--,https://propzy.vn/mua/ban-dat-mat-tien-duong-noi-bo-phuong-linh-tay-quan-thu-duc-id107615
321,Đất nền,"Cần bán gấp lô đất nền phường Long Thạnh Mỹ, Quận 9 - Hướng Tây Nam.",Q.9,"2,83 tỷ","53,8m²",0,0,Tây,https://propzy.vn/mua/can-ban-gap-lo-dat-nen-phuong-long-thanh-my-quan-9-huong-tay-nam-id107714
322,Đất nền,"Chính chủ cần bán gấp lô đất hẻm xe Tải, phường Linh Trung, Quận Thủ Đức",Q.Thủ Đức,"3,9 tỷ","103,1m²",0,0,Đ.Bắc,https://propzy.vn/mua/chinh-chu-can-ban-gap-lo-dat-hem-xe-tai-phuong-linh-trung-quan-thu-duc-id107567
323,Đất nền,"Bán lô đất mặt tiền đường nội bộ, Phường Trường Thạnh - Quận 9",Q.9,4 tỷ,"66,7m²",0,0,T.Bắc,https://propzy.vn/mua/ban-lo-dat-mat-tien-duong-noi-bo-phuong-truong-thanh-quan-9-id107543
